sym,days,first,zero_vol,years
INTLCONV,1254,2021-09-16,0.005582137161084529,5.076923076923077
DIAMONDYD,2224,2017-10-05,0.0013489208633093526,9.004048582995951
ABINFRA,1777,2019-07-30,0.4254361283061339,7.194331983805668
AEROFLEX,769,2023-08-31,0.010403120936280884,3.11336032388664
BHARTIARTL,4937,2006-10-06,0.0024306258861656878,19.987854251012145
JSLL,1099,2022-05-04,0.01910828025477707,4.449392712550607
RUBICON,242,2025-10-16,0.012396694214876033,0.979757085020243
CHEMBONDCH,299,2025-07-23,0.010033444816053512,1.2105263157894737
KWIL,162,2026-02-16,0.030864197530864196,0.6558704453441295
PRIVISCL,2822,2015-05-08,0.001771793054571226,11.425101214574898
GABRIEL,4935,2006-10-06,0.006281661600810537,19.979757085020243
VEDAVAAG,34,2026-08-18,0.0,0.13765182186234817
AVROIND,2013,2018-08-09,0.3392945851962245,8.149797570850202
3PLAND,4578,2008-03-11,0.182175622542595,18.534412955465587
ZENTEC,2849,2015-03-30,0.002106002106002106,11.534412955465587
TATASTEEL,4937,2006-10-06,0.0024306258861656878,19.987854251012145
SENCO,802,2023-07-14,0.00997506234413965,3.2469635627530367
BLBLIMITED,4935,2006-10-06,0.06666666666666667,19.979757085020243
RELAXO,3776,2011-06-17,0.00211864406779661,15.287449392712551
CELLO,721,2023-11-06,0.006934812760055479,2.919028340080972
TAMBOLIIN,34,2026-08-18,0.0,0.13765182186234817
INFOMEDIA,4933,2006-10-06,0.2136630853436043,19.97165991902834
LUPIN,4936,2006-10-06,0.002228525121555916,19.983805668016196
TERAI,35,2026-08-18,0.2,0.1417004048582996
JITFINFRA,2377,2017-02-27,0.004206983592763988,9.623481781376519
NIMBSPROJ,128,2026-04-06,0.015625,0.5182186234817814
BFINVEST,3880,2011-01-14,0.006185567010309278,15.708502024291498
BOSCHLTD,4935,2006-10-06,0.002026342451874367,19.979757085020243
SUPERHOUSE,2967,2014-09-26,0.002696326255476913,12.012145748987853
FIEMIND,4926,2006-10-19,0.0028420625253755584,19.94331983805668
NESCO,4561,2008-04-08,0.0019732514799386098,18.465587044534413
NORTHARC,508,2024-09-24,0.011811023622047244,2.0566801619433197
LINCOLN,2670,2015-12-17,0.00149812734082397,10.809716599190283
IDEAFORGE,805,2023-07-07,0.008695652173913044,3.2591093117408905
CAPLIPOINT,3033,2014-06-23,0.0019782393669634025,12.279352226720647
PATINTLOG,4620,2008-01-11,0.013852813852813853,18.704453441295545
BANSWRAS,4809,2007-04-11,0.027864420877521313,19.469635627530366
MPDL,33,2026-08-18,0.030303030303030304,0.13360323886639677
YATRA,749,2023-09-28,0.009345794392523364,3.032388663967611
AVONMORE,927,2023-01-04,0.005393743257820928,3.7530364372469633
TEAMGTY,4933,2006-10-06,0.11676464625988242,19.97165991902834
PARIN,1959,2018-10-29,0.6202143950995406,7.931174089068826
JKTYRE,4936,2006-10-06,0.01012965964343598,19.983805668016196
VIPCLOTHNG,4729,2007-08-06,0.002114611968703743,19.14574898785425
WELINV,4934,2006-10-06,0.2229428455614106,19.975708502024293
AJAXENGG,405,2025-02-17,0.012345679012345678,1.639676113360324
SHRIRAMFIN,4937,2006-10-06,0.004051043143609479,19.987854251012145
FEDDERSHOL,34,2026-08-18,0.029411764705882353,0.13765182186234817
ALLCARGO,4935,2006-10-06,0.0024316109422492403,19.979757085020243
SUMEDHA,34,2026-08-18,0.0,0.13765182186234817
SHRIPISTON,2555,2016-06-09,0.009001956947162427,10.34412955465587
CINEVISTA,4933,2006-10-06,0.05067909993918508,19.97165991902834
V2RETAIL,4755,2007-07-04,0.005888538380651945,19.251012145748987
ISHANCH,382,2025-03-25,0.010471204188481676,1.5465587044534412
EFCIL,282,2025-08-20,0.01773049645390071,1.1417004048582995
SALASAR,2278,2017-07-25,0.0030728709394205445,9.222672064777328
PEARLPOLY,4934,2006-10-06,0.06749087961086339,19.975708502024293
HEADSUP,2427,2016-12-14,0.0020601565718994645,9.82591093117409
KIRLOSENG,4935,2006-10-06,0.012563323201621074,19.979757085020243
UNIENTER,4934,2006-10-06,0.02837454398054317,19.975708502024293
GVT&D,4935,2006-10-06,0.11246200607902736,19.979757085020243
GINNIFILA,4932,2006-10-06,0.011151662611516627,19.967611336032387
CHOICEIN,1112,2022-04-08,0.00539568345323741,4.502024291497976
AUTOAXLES,4933,2006-10-06,0.003040745996351105,19.97165991902834
ANSALBU,33,2026-08-18,0.030303030303030304,0.13360323886639677
MCCHRLS-B,34,2026-08-18,0.0,0.13765182186234817
KESORAMIND,4936,2006-10-06,0.002633711507293355,19.983805668016196
EPIGRAL,1269,2021-08-18,0.004728132387706856,5.137651821862348
PRICOLLTD,4936,2006-10-06,0.012358184764991896,19.983805668016196
VINCOFE,491,2024-10-18,0.012219959266802444,1.9878542510121457
ZENITHEXPO,4933,2006-10-06,0.3800932495438881,19.97165991902834
SHALBY,2178,2017-12-15,0.0027548209366391185,8.817813765182187
ADOR,4934,2006-10-06,0.0022294284556141062,19.975708502024293
STAR,4936,2006-10-06,0.0032414910858995136,19.983805668016196
SWIGGY,474,2024-11-13,0.014767932489451477,1.9190283400809716
DHARAN,2106,2018-04-02,0.014719848053181387,8.526315789473685
MEP,2824,2015-05-06,0.023725212464589234,11.433198380566802
RAILTEL,1390,2021-02-26,0.0057553956834532375,5.627530364372469
TECHNOE,4818,2007-04-02,0.044416770444167704,19.506072874493928
TDPOWERSYS,3722,2011-09-08,0.0037614185921547557,15.068825910931174
RRECL,35,2026-08-18,0.05714285714285714,0.1417004048582996
MANAKCOAT,2847,2015-03-30,0.007376185458377239,11.526315789473685
CHENNPETRO,4937,2006-10-06,0.0024306258861656878,19.987854251012145
ONEPOINT,2172,2017-12-26,0.02117863720073665,8.793522267206479
CAPILLARY,219,2025-11-21,0.0228310502283105,0.8866396761133604
FCL,2899,2015-01-15,0.0707140393239048,11.736842105263158
GSPLTRANS,5,2026-09-30,0.2,0.020242914979757085
MITCON,2362,2017-03-15,0.338272650296359,9.562753036437247
GANESHHOU,4835,2007-03-02,0.003309203722854188,19.574898785425102
MANCREDIT,533,2024-08-16,0.0075046904315197,2.1578947368421053
DYCL,1038,2022-07-27,0.00674373795761079,4.202429149797571
GUJTHEM,402,2025-02-25,0.017412935323383085,1.6275303643724697
PCJEWELLER,3404,2012-12-27,0.0026439482961222094,13.781376518218623
PRAKASH,4936,2006-10-06,0.0028363047001620746,19.983805668016196
RANASUG,4936,2006-10-06,0.006482982171799027,19.983805668016196
GLOTTIS,252,2025-10-07,0.023809523809523808,1.0202429149797572
PYRAMID,767,2023-08-29,0.005215123859191656,3.1052631578947367
IL&FSENGG,4672,2007-10-25,0.0025684931506849314,18.91497975708502
PRANAV,16,2026-09-15,0.0625,0.06477732793522267
WELSPLSOL,35,2026-08-18,0.02857142857142857,0.1417004048582996
CAPACITE,2234,2017-09-25,0.0026857654431512983,9.044534412955466
NTCIND,34,2026-08-18,0.0,0.13765182186234817
CCAVENUE,2601,2016-04-04,0.0030757400999615533,10.530364372469636
SHEKHAWATI,3881,2011-01-12,0.132697758309714,15.712550607287449
HCC,4935,2006-10-06,0.004457953394123607,19.979757085020243
NAM-INDIA,2207,2017-11-06,0.0031717263253285004,8.935222672064777
PAUSHAKLTD,214,2025-12-01,0.02336448598130841,0.8663967611336032
CGPOWER,4937,2006-10-06,0.0024306258861656878,19.987854251012145
CMRGREEN,83,2026-06-10,0.024096385542168676,0.3360323886639676
KSL,4432,2008-10-21,0.015342960288808664,17.94331983805668
HONASA,720,2023-11-07,0.006944444444444444,2.91497975708502
KANANIIND,3655,2011-12-14,0.028727770177838577,14.79757085020243
NBIFIN,2432,2016-12-07,0.011513157894736841,9.846153846153847
GOLDENTOBC,4933,2006-10-06,0.04662477194405027,19.97165991902834
NYKAA,1218,2021-11-10,0.006568144499178982,4.931174089068826
INTENTECH,2358,2017-03-23,0.001272264631043257,9.54655870445344
ISFT,4074,2010-04-12,0.010800196367206676,16.493927125506072
LOTUSDEV,293,2025-08-06,0.020477815699658702,1.1862348178137652
PREMCO,34,2026-08-18,0.0,0.13765182186234817
TITAN,4937,2006-10-06,0.0024306258861656878,19.987854251012145
PRECOT,4934,2006-10-06,0.026955816781516012,19.975708502024293
SINTERCOM,2133,2018-02-15,0.06751054852320675,8.635627530364372
INDOAMIN,1099,2022-04-29,0.004549590536851683,4.449392712550607
BBL,4905,2006-11-21,0.002242609582059123,19.858299595141702
COHANCE,1631,2020-03-09,0.004291845493562232,6.603238866396761
PAISALO,4278,2009-06-16,0.005610098176718092,17.31983805668016
NIITLTD,4937,2006-10-06,0.0024306258861656878,19.987854251012145
TBOTEK,598,2024-05-15,0.010033444816053512,2.4210526315789473
COMPINFO,3950,2010-10-01,0.17620253164556962,15.991902834008098
ETHOSLTD,1080,2022-05-30,0.005555555555555556,4.372469635627531
PETRONET,4936,2006-10-06,0.002228525121555916,19.983805668016196
DHANUKA,3768,2011-06-29,0.0018577494692144374,15.255060728744938
SCANSTL,34,2026-08-18,0.0,0.13765182186234817
SAREGAMA,4935,2006-10-06,0.0022289766970618034,19.979757085020243
DELTACORP,4670,2007-11-02,0.018201284796573874,18.90688259109312
INDUSTOWER,3403,2012-12-28,0.0029385836027034967,13.777327935222672
SHANKESH,30,2026-08-25,0.03333333333333333,0.1214574898785425
GODREJCP,4937,2006-10-06,0.0024306258861656878,19.987854251012145
UNITEDPOLY,2361,2017-03-16,0.3879711986446421,9.558704453441296
KEC,4937,2006-10-06,0.0024306258861656878,19.987854251012145
RUCHIRA,4883,2006-12-20,0.01576899447061233,19.76923076923077
DJML,949,2022-12-05,0.006322444678609062,3.8421052631578947
BRITANNIA,4937,2006-10-06,0.004658699615150901,19.987854251012145
MANYAVAR,1148,2022-02-16,0.005226480836236934,4.647773279352227
PICCADIL,317,2025-07-02,0.015772870662460567,1.2834008097165992
ONIXSOLAR,34,2026-08-18,0.0,0.13765182186234817
ADVENTHTL,225,2025-11-13,0.022222222222222223,0.9109311740890689
EUREKAFORB,517,2024-09-11,0.013539651837524178,2.0931174089068825
SAMBHAAV,4933,2006-10-06,0.12304885465234137,19.97165991902834
AGROPHOS,2364,2017-03-15,0.021996615905245348,9.570850202429149
BOROSCI,582,2024-06-07,0.010309278350515464,2.3562753036437245
PARADEEP,1082,2022-05-27,0.006469500924214418,4.380566801619433
ELITECON,36,2026-08-18,0.05555555555555555,0.145748987854251
PILANIINVS,3686,2011-10-25,0.09386869234943028,14.923076923076923
VINATIORGA,4249,2009-07-28,0.002353494939985879,17.20242914979757
PGHL,4934,2006-10-06,0.0018240778273206323,19.975708502024293
PIGL,2080,2018-05-08,0.39375,8.421052631578947
WPIL,34,2026-08-18,0.0,0.13765182186234817
MOSCHIP,416,2025-02-05,0.016826923076923076,1.6842105263157894
RELINFRA,4936,2006-10-06,0.020664505672609402,19.983805668016196
HDFCLIFE,2197,2017-11-17,0.0027309968138370506,8.894736842105264
KRISHNADEF,1104,2022-04-22,0.018115942028985508,4.469635627530365
INDOSTAR,2074,2018-05-21,0.0028929604628736743,8.396761133603238
IZMO,4855,2007-02-05,0.021009268795056643,19.655870445344128
WIPL,2341,2017-04-18,0.09995728321230243,9.477732793522268
SOLEX,2139,2018-02-06,0.3249181860682562,8.65991902834008
RSL,139,2026-03-19,0.02877697841726619,0.562753036437247
MOIL,3903,2010-12-15,0.0020497053548552396,15.80161943319838
MOTILALOFS,4707,2007-09-11,0.0025493945188017845,19.05668016194332
KRBL,4936,2006-10-06,0.005672609400324149,19.983805668016196
MAGADSUGAR,2272,2017-07-28,0.0017605633802816902,9.19838056680162
AYMSYNTEX,2751,2015-08-14,0.0014540167211922936,11.137651821862349
MEDICAPQ,34,2026-08-18,0.0,0.13765182186234817
TUTIALKA,34,2026-08-18,0.0,0.13765182186234817
CREATIVEYE,4932,2006-10-06,0.14172749391727493,19.967611336032387
TEXMOPIPES,4096,2010-03-10,0.001708984375,16.582995951417004
BAIDFIN,914,2023-01-20,0.00437636761487965,3.700404858299595
GLOBECIVIL,315,2025-07-01,0.009523809523809525,1.2753036437246963
HEXATRADEX,3567,2012-04-20,0.0019624334174376226,14.441295546558704
BHARATCOAL,181,2026-01-19,0.027624309392265192,0.7327935222672065
MOHITE,34,2026-08-18,0.0,0.13765182186234817
ASALCBR,1648,2020-02-12,0.003033980582524272,6.672064777327935
KRITIKA,1961,2018-10-26,0.338092809790923,7.939271255060729
BIGBLOC,2494,2016-09-02,0.004410585404971933,10.097165991902834
THAKDEV,33,2026-08-18,0.06060606060606061,0.13360323886639677
FIRSTCRY,536,2024-08-13,0.011194029850746268,2.1700404858299596
OCCLLTD,482,2024-10-29,0.01037344398340249,1.951417004048583
UNIPARTS,946,2022-12-12,0.006342494714587738,3.8299595141700404
AHLWEST,3991,2010-08-05,0.27436732648459033,16.157894736842106
ALLDIGI,4931,2006-10-06,0.023930237274386534,19.963562753036438
AAKASH,2075,2018-05-15,0.19710843373493975,8.40080971659919
BALAXI,2680,2015-12-01,0.2003731343283582,10.850202429149798
DANGEE,1987,2018-09-18,0.17211877201811776,8.044534412955466
LINDEINDIA,4936,2006-10-06,0.0032414910858995136,19.983805668016196
CORDELIA,68,2026-07-01,0.014705882352941176,0.27530364372469635
RRKABEL,753,2023-09-20,0.009296148738379814,3.048582995951417
BOROLTD,1541,2020-07-22,0.003893575600259572,6.238866396761134
SHYAMMETL,1312,2021-06-24,0.006097560975609756,5.3117408906882595
PLAZACABLE,739,2023-10-12,0.008119079837618403,2.9919028340080973
SWANCORP,3545,2012-05-29,0.002256699576868829,14.352226720647772
MOHITIND,3344,2013-03-14,0.03708133971291866,13.538461538461538
KIRIINDUS,4556,2008-04-22,0.0026338893766461808,18.445344129554655
TORNTPOWER,4902,2006-11-28,0.0024479804161566705,19.846153846153847
EIMCOELECO,4932,2006-10-06,0.03751013787510138,19.967611336032387
FAIRCHEMOR,1429,2020-12-24,0.0027991602519244225,5.7854251012145745
RKEC,2224,2017-10-09,0.08183453237410072,9.004048582995951
ADL,1487,2020-10-01,0.00605245460659045,6.020242914979757
SUDARCOLOR,4934,2006-10-06,0.0022294284556141062,19.975708502024293
YUKEN,1261,2021-09-02,0.003965107057890563,5.105263157894737
VINEETLAB,1316,2021-06-15,0.003799392097264438,5.327935222672065
LAURUSLABS,2427,2016-12-19,0.00288421920065925,9.82591093117409
DCMFINSERV,4933,2006-10-06,0.4674640178390432,19.97165991902834
SHRADDHA,35,2026-08-18,0.02857142857142857,0.1417004048582996
SUBROS,4935,2006-10-06,0.0022289766970618034,19.979757085020243
GROWW,228,2025-11-12,0.02631578947368421,0.9230769230769231
STYLAMIND,1286,2021-08-02,0.006220839813374806,5.206477732793522
FUSION,964,2022-11-15,0.006224066390041493,3.902834008097166
GMDCLTD,4937,2006-10-06,0.0024306258861656878,19.987854251012145
RAMASTEEL,2747,2015-08-24,0.0018201674554058974,11.121457489878543
BANKBARODA,4937,2006-10-06,0.0024306258861656878,19.987854251012145
STCINDIA,4935,2006-10-06,0.002026342451874367,19.979757085020243
IREDA,710,2023-11-29,0.011267605633802818,2.874493927125506
ALUFLUOR,34,2026-08-18,0.029411764705882353,0.13765182186234817
ANMOL,1323,2021-06-04,0.0045351473922902496,5.3562753036437245
VRLLOG,2828,2015-04-30,0.001768033946251768,11.449392712550607
SUMICHEM,1662,2020-01-27,0.00421179302045728,6.728744939271255
INDIANHUME,4934,2006-10-06,0.00263477908390758,19.975708502024293
JBMA,4936,2006-10-06,0.03950567260940033,19.983805668016196
DBOL,1009,2022-09-08,0.005946481665014866,4.08502024291498
KSHINTL,198,2025-12-23,0.025252525252525252,0.8016194331983806
WAKEFIT,203,2025-12-15,0.019704433497536946,0.8218623481781376
CORONA,202,2025-12-15,0.019801980198019802,0.8178137651821862
REPL,2024,2018-07-27,0.10622529644268774,8.194331983805668
GNFC,4937,2006-10-06,0.0024306258861656878,19.987854251012145
ARTNIRMAN,2362,2017-03-15,0.45427603725656224,9.562753036437247
UNITECH,4936,2006-10-06,0.002228525121555916,19.983805668016196
DCM,4932,2006-10-06,0.00202757502027575,19.967611336032387
TTML,4937,2006-10-06,0.0024306258861656878,19.987854251012145
PRINCEPIPE,1680,2019-12-30,0.002976190476190476,6.801619433198381
SBIFUNDS,56,2026-07-21,0.03571428571428571,0.22672064777327935
SSDL,532,2024-08-20,0.009398496240601503,2.1538461538461537
SNOWMAN,2979,2014-09-12,0.0023497818059751594,12.06072874493927
MGL,2538,2016-07-01,0.001970055161544523,10.275303643724696
ASTRON,2166,2017-12-29,0.002770083102493075,8.76923076923077
FRACTAL,160,2026-02-16,0.025,0.6477732793522267
KRISHANA,2376,2017-02-27,0.12289562289562289,9.619433198380566
GULPOLY,2890,2015-01-28,0.0017301038062283738,11.700404858299596
SMLT,1206,2021-11-25,0.011608623548922056,4.882591093117409
VASWANI,3687,2011-10-24,0.05126118795768918,14.927125506072874
SVPGLOB,1294,2021-07-14,0.0030911901081916537,5.238866396761134
ESSARSHPNG,3675,2011-11-15,0.0016326530612244899,14.878542510121457
LAKSHMIMIL,31,2026-08-21,0.03225806451612903,0.12550607287449392
COALINDIA,3931,2010-11-04,0.0022894937674891886,15.914979757085021
JSWSTEEL,4937,2006-10-06,0.0042535953007899535,19.987854251012145
VGL,4906,2006-11-21,0.012026090501426825,19.86234817813765
PVSL,632,2024-03-19,0.006329113924050633,2.5587044534412957
CENTUM,4933,2006-10-06,0.03284005676059193,19.97165991902834
SOMICONVEY,2527,2016-07-18,0.009497427779976256,10.23076923076923
AZADIND,35,2026-08-18,0.02857142857142857,0.1417004048582996
NOIDATOLL,4934,2006-10-06,0.0016214025131738954,19.975708502024293
ADANIENSOL,2765,2015-07-31,0.0028933092224231465,11.194331983805668
SIGMAADV,4742,2007-07-19,0.0031632222690847742,19.19838056680162
ANNAPURNA,994,2022-09-27,0.005030181086519115,4.0242914979757085
GRAVITA,3924,2010-11-16,0.0022935779816513763,15.88663967611336
SARVESHWAR,2117,2018-03-15,0.09636277751535191,8.570850202429149
DVL,4619,2008-01-11,0.029443602511366098,18.700404858299596
POKARNA,2536,2016-07-07,0.002365930599369085,10.267206477732794
HAVELLS,4937,2006-10-06,0.0024306258861656878,19.987854251012145
ONEGLOBAL,34,2026-08-18,0.0,0.13765182186234817
GATEWAY,1126,2022-03-22,0.006216696269982238,4.558704453441296
NESTLEIND,4936,2006-10-06,0.16349270664505672,19.983805668016196
PAYTM,1212,2021-11-18,0.006600660066006601,4.906882591093117
PRAXIS,2146,2018-01-31,0.027958993476234855,8.68825910931174
ORIRAIL,35,2026-08-18,0.02857142857142857,0.1417004048582996
MFML,525,2024-08-27,0.005714285714285714,2.125506072874494
MUKKA,640,2024-03-07,0.0078125,2.591093117408907
RAJMET,1967,2018-10-23,0.21657346212506354,7.963562753036437
CROMPTON,2575,2016-05-13,0.0027184466019417475,10.425101214574898
SETL,433,2025-01-13,0.016166281755196306,1.7530364372469636
LTM,2526,2016-07-21,0.0035629453681710215,10.226720647773279
DEEPAKNTR,3956,2010-09-29,0.02578361981799798,16.016194331983804
HALDER,177,2026-01-19,0.01694915254237288,0.7165991902834008
VALIANTORG,1488,2020-10-05,0.003360215053763441,6.0242914979757085
PASHUPATI,2243,2017-09-08,0.5171645118145342,9.080971659919028
MASTERTR,456,2024-12-06,0.010964912280701754,1.8461538461538463
AUTOIND,4857,2007-01-31,0.0024706609017912293,19.663967611336034
HOMEFIRST,1406,2021-02-03,0.004978662873399715,5.6923076923076925
TEMPSENS,28,2026-08-28,0.07142857142857142,0.11336032388663968
GVKPIL,4934,2006-10-06,0.07559789217673288,19.975708502024293
PAVNAIND,1371,2021-03-24,0.24070021881838075,5.550607287449393
SAKAR,2364,2017-03-16,0.10532994923857868,9.570850202429149
SKYGOLD,929,2023-01-06,0.008611410118406888,3.7611336032388665
EPL,4934,2006-10-06,0.00263477908390758,19.975708502024293
IDEA,4834,2007-03-09,0.0024824162184526274,19.57085020242915
DONEAR,4885,2006-12-20,0.029068577277379735,19.777327935222672
GTECJAINX,2260,2017-08-07,0.3106194690265487,9.149797570850202
PARNAXLAB,34,2026-08-18,0.0,0.13765182186234817
AMARJOTHI,38,2026-08-11,0.10526315789473684,0.15384615384615385
AVALON,861,2023-04-18,0.008130081300813009,3.48582995951417
LASERPOWER,58,2026-07-16,0.017241379310344827,0.23481781376518218
GANECOS,2862,2015-03-09,0.0017470300489168414,11.587044534412955
SANWARIA,4934,2006-10-06,0.05472233481961897,19.975708502024293
CSBBANK,1697,2019-12-04,0.0035356511490866236,6.870445344129554
HATHWAY,4104,2010-02-25,0.001949317738791423,16.615384615384617
HINDOILEXP,4935,2006-10-06,0.0022289766970618034,19.979757085020243
BETA,2218,2017-10-13,0.07303877366997295,8.979757085020243
LAL,865,2023-04-10,0.005780346820809248,3.5020242914979756
MAXIND,1512,2020-08-28,0.001984126984126984,6.1214574898785425
ICICIGI,2232,2017-09-27,0.002688172043010753,9.036437246963562
ABFRL,3265,2013-07-17,0.0027565084226646246,13.218623481781377
BYKE,3642,2011-12-30,0.014552443712246019,14.744939271255062
BALRAMCHIN,4937,2006-10-06,0.0024306258861656878,19.987854251012145
AARTECH,801,2023-07-10,0.00749063670411985,3.242914979757085
BLS,2550,2016-06-15,0.002352941176470588,10.323886639676113
SIGACHI,1213,2021-11-15,0.00494641384995878,4.910931174089069
ARVSMART,2744,2015-08-26,0.0018221574344023323,11.109311740890687
JENBURPH,36,2026-08-18,0.05555555555555555,0.145748987854251
CELEBRITY,4933,2006-10-06,0.020474356375430772,19.97165991902834
ANUP,1878,2019-03-01,0.0026624068157614484,7.603238866396761
GOYALALUM,968,2022-11-04,0.025826446280991736,3.919028340080972
RKFORGE,4936,2006-10-06,0.016410048622366287,19.983805668016196
SYRMA,1019,2022-08-26,0.0068694798822374874,4.125506072874494
SHAREINDIA,1499,2020-09-21,0.004669779853235491,6.068825910931174
RELCHEMQ,1083,2022-05-25,0.006463527239150508,4.384615384615385
DHOOTTRANS,35,2026-08-17,0.02857142857142857,0.1417004048582996
ICICIBANK,4937,2006-10-06,0.0024306258861656878,19.987854251012145
LINC,2862,2015-03-09,0.0020964360587002098,11.587044534412955
GREENPLY,4935,2006-10-06,0.0024316109422492403,19.979757085020243
EIFFL,2352,2017-03-31,0.050170068027210885,9.522267206477732
ORIENTCABL,2,2026-10-05,0.0,0.008097165991902834
RUSHIL,3763,2011-07-07,0.0023917087430241827,15.234817813765183
PRECWIRE,4936,2006-10-06,0.006077795786061589,19.983805668016196
JPPOWER,4937,2006-10-06,0.0024306258861656878,19.987854251012145
STLTECH,4937,2006-10-06,0.0026331780433461616,19.987854251012145
MADHUCON,4933,2006-10-06,0.007703223190756132,19.97165991902834
SIGNATURE,747,2023-09-27,0.00535475234270415,3.0242914979757085
RGL,4643,2007-12-12,0.0030152918371742408,18.79757085020243
ACCELYA,4935,2006-10-06,0.0026342451874366768,19.979757085020243
KANPRPLA,1426,2021-01-04,0.004207573632538569,5.77327935222672
RAIN,4937,2006-10-06,0.07332388089933158,19.987854251012145
INOXINDIA,693,2023-12-21,0.010101010101010102,2.805668016194332
KOVAI,3521,2010-03-02,0.6410110763987503,14.255060728744938
IGL,4937,2006-10-06,0.0026331780433461616,19.987854251012145
MAHAPEXLTD,2103,2018-04-05,0.02710413694721826,8.51417004048583
DYNPRO,2279,2017-07-19,0.002193944712593243,9.226720647773279
OSWALPUMPS,326,2025-06-20,0.018404907975460124,1.319838056680162
WAAREEENER,486,2024-10-28,0.01440329218106996,1.9676113360323886
TATACAP,248,2025-10-13,0.024193548387096774,1.0040485829959513
NINSYS,896,2023-02-21,0.029017857142857144,3.6275303643724697
MARUTI,4936,2006-10-06,0.0030388978930307943,19.983805668016196
ASHOKA,3944,2010-10-14,0.002028397565922921,15.96761133603239
HAL,2109,2018-04-02,0.003319108582266477,8.538461538461538
MANIPALHOS,45,2026-08-05,0.044444444444444446,0.18218623481781376
ADVAIT,178,2026-01-20,0.02247191011235955,0.7206477732793523
GPTHEALTH,642,2024-02-29,0.004672897196261682,2.5991902834008096
VMSTMT,259,2025-09-24,0.019305019305019305,1.048582995951417
STANLEY,568,2024-06-28,0.01056338028169014,2.299595141700405
SEAMECLTD,4933,2006-10-06,0.0016217311980539226,19.97165991902834
SHIVATEX,4933,2006-10-06,0.023109669572268395,19.97165991902834
ADFFOODS,3965,2010-09-15,0.00201765447667087,16.05263157894737
BATAINDIA,4935,2006-10-06,0.0022289766970618034,19.979757085020243
BTML,1458,2020-11-12,0.16117969821673525,5.902834008097166
AHCL,273,2025-09-03,0.018315018315018316,1.105263157894737
BENGALASM,33,2026-08-18,0.0,0.13360323886639677
PRAJIND,4936,2006-10-06,0.002228525121555916,19.983805668016196
ONIDA,4937,2006-10-06,0.0024306258861656878,19.987854251012145
RAMBHAJO,70,2026-07-01,0.02857142857142857,0.2834008097165992
CHEMBOND,1706,2019-11-20,0.005275498241500586,6.906882591093117
HARIOMPIPE,1110,2022-04-13,0.006306306306306306,4.493927125506073
COFFEEDAY,2700,2015-11-02,0.1262962962962963,10.931174089068826
DLF,4754,2007-07-05,0.005258729490954985,19.246963562753038
NURECA,1388,2021-02-25,0.0036023054755043226,5.619433198380567
REDTAPE,782,2023-08-11,0.010230179028132993,3.165991902834008
PIRAMALFIN,230,2025-11-07,0.021739130434782608,0.9311740890688259
LLOYDSENGG,2528,2016-07-20,0.0031645569620253164,10.234817813765183
UMESLTD,4627,2008-01-01,0.21309703911821914,18.732793522267208
SHILGRAVQ,35,2026-08-18,0.02857142857142857,0.1417004048582996
BURNPUR,4626,2008-01-03,0.08971033290099438,18.728744939271255
TMCV,228,2025-11-12,0.02631578947368421,0.9230769230769231
INDIANCARD,4933,2006-10-06,0.01946077437664707,19.97165991902834
RAJRILTD,4874,2007-01-04,0.07386130488305294,19.732793522267208
RAINBOW,1093,2022-05-10,0.004574565416285453,4.425101214574899
DCI,1668,2020-01-10,0.3051558752997602,6.753036437246964
UNITEDTEA,4135,2010-01-08,0.08609431680773881,16.74089068825911
NIBE,412,2025-02-07,0.012135922330097087,1.6680161943319838
HINDADH,33,2026-08-18,0.0,0.13360323886639677
DBL,2508,2016-08-11,0.001594896331738437,10.153846153846153
GODREJAGRO,2222,2017-10-16,0.0031503150315031502,8.995951417004049
BLKASHYAP,4935,2006-10-06,0.0022289766970618034,19.979757085020243
LUXIND,2685,2015-12-01,0.0026070763500931097,10.870445344129555
SURANAT&P,4934,2006-10-06,0.023307661126874747,19.975708502024293
GICL,2363,2017-03-15,0.5234870926787981,9.566801619433198
JSWCEMENT,287,2025-08-14,0.020905923344947737,1.1619433198380567
HINDWAREAP,1681,2019-12-26,0.003569303985722784,6.805668016194332
VOLTAMP,4937,2006-10-06,0.0024306258861656878,19.987854251012145
SHYAMCENT,2764,2015-07-28,0.001085383502170767,11.190283400809717
RAYMONDREL,319,2025-07-01,0.018808777429467086,1.291497975708502
WHEELS,4936,2006-10-06,0.00506482982171799,19.983805668016196
CMSINFO,1182,2021-12-31,0.00676818950930626,4.7854251012145745
ASIANTNE,34,2026-08-18,0.029411764705882353,0.13765182186234817
NEAGI,34,2026-08-18,0.20588235294117646,0.13765182186234817
CARTRADE,1273,2021-08-20,0.006284367635506678,5.153846153846154
HCL-INSYS,4935,2006-10-06,0.22472137791286728,19.979757085020243
KPRMILL,4715,2007-08-28,0.0023329798515376457,19.089068825910932
MAFATIND,118,2026-04-23,0.03389830508474576,0.4777327935222672
ASHIMASYN,4935,2006-10-06,0.034245187436676795,19.979757085020243
CONTROLPR,2541,2016-06-24,0.0015741833923652105,10.287449392712551
ALFREDHE,34,2026-08-18,0.14705882352941177,0.13765182186234817
GREENPANEL,1726,2019-10-23,0.0034762456546929316,6.987854251012146
AKCAPIT,33,2026-08-18,0.0,0.13360323886639677
VIKRAN,274,2025-09-03,0.01824817518248175,1.1093117408906883
MBECL,4935,2006-10-06,0.10820668693009118,19.979757085020243
QUINTEGRA,4934,2006-10-06,0.4736522091609242,19.975708502024293
MRPL,4937,2006-10-06,0.0024306258861656878,19.987854251012145
EPACKPEB,251,2025-10-06,0.0199203187250996,1.0161943319838056
MSL,34,2026-08-18,0.058823529411764705,0.13765182186234817
HILTON,4781,2007-05-24,0.03116502823677055,19.356275303643724
AKG,1973,2018-10-10,0.15458692346680183,7.987854251012146
DELHIVERY,1086,2022-05-24,0.007366482504604052,4.396761133603239
SYNGENE,2758,2015-08-11,0.0025380710659898475,11.165991902834008
PHOENXINTL,34,2026-08-18,0.0,0.13765182186234817
SARLAPOLY,4865,2007-01-19,0.08242548818088387,19.696356275303643
GATECH,2520,2016-07-25,0.26666666666666666,10.20242914979757
GESHIP,4937,2006-10-06,0.005063803929511849,19.987854251012145
BLUECLOUDS,34,2026-08-18,0.029411764705882353,0.13765182186234817
TVVISION,2485,2016-09-15,0.06720321931589537,10.06072874493927
SONACOMS,1312,2021-06-24,0.007621951219512195,5.3117408906882595
TNPETRO,4936,2006-10-06,0.002633711507293355,19.983805668016196
VSSL,3552,2012-05-17,0.021114864864864864,14.380566801619434
SUNDROP,4934,2006-10-06,0.002026753141467369,19.975708502024293
SUTLEJTEX,4935,2006-10-06,0.020871327254305978,19.979757085020243
KRN,503,2024-10-03,0.013916500994035786,2.0364372469635628
ASAHIINDIA,4939,2006-10-06,0.014780319902814336,19.995951417004047
NITTAGELA,118,2026-04-23,0.03389830508474576,0.4777327935222672
KAPSTON,2094,2018-04-18,0.15520534861509075,8.477732793522268
NCC,4937,2006-10-06,0.0026331780433461616,19.987854251012145
RESPONIND,3932,2010-10-29,0.006612410986775178,15.919028340080972
ELIN,932,2022-12-30,0.006437768240343348,3.7732793522267207
APEX,2250,2017-09-05,0.003111111111111111,9.109311740890687
PGHH,4935,2006-10-06,0.0022289766970618034,19.979757085020243
FIVESTAR,962,2022-11-21,0.007276507276507277,3.8947368421052633
THEMISMED,4818,2007-04-02,0.046699875466998754,19.506072874493928
KICL,4430,2008-10-21,0.053724604966139955,17.93522267206478
PGIL,4848,2007-02-15,0.0028877887788778876,19.62753036437247
LEENEE,35,2026-08-18,0.02857142857142857,0.1417004048582996
JAMNAAUTO,3906,2010-12-10,0.01971326164874552,15.813765182186234
GROBTEA,2529,2016-07-14,0.024515618821668642,10.238866396761134
BALKRISHNA,2764,2015-07-28,0.012662807525325614,11.190283400809717
BALAJEE,512,2024-09-12,0.0078125,2.0728744939271255
AIRAN,2274,2017-07-25,0.031222515391380826,9.206477732793521
REPCOHOME,3338,2013-04-01,0.002396644697423607,13.51417004048583
POWERINDIA,1618,2020-03-30,0.003708281829419036,6.550607287449393
ABAN,4936,2006-10-06,0.01661264181523501,19.983805668016196
LLOYDSME,800,2023-07-17,0.00875,3.2388663967611335
MOBIKWIK,451,2024-12-18,0.013303769401330377,1.825910931174089
CYIENT,4935,2006-10-06,0.005673758865248227,19.979757085020243
KIRLFER,1134,2019-11-13,0.03262786596119929,4.5910931174089065
INDIQUBE,294,2025-07-30,0.006802721088435374,1.1902834008097165
ULTRACEMCO,4936,2006-10-06,0.002228525121555916,19.983805668016196
APLLTD,3712,2011-09-20,0.0021551724137931034,15.02834008097166
MAZDA,2457,2016-11-02,0.002849002849002849,9.947368421052632
SHIVAMILLS,2126,2018-02-26,0.0028222013170272815,8.607287449392713
ENIL,4936,2006-10-06,0.00547001620745543,19.983805668016196
BAYERCROP,4137,2010-01-08,0.002175489485134155,16.748987854251013
EKC,4934,2006-10-06,0.002026753141467369,19.975708502024293
RALLIS,4937,2006-10-06,0.0024306258861656878,19.987854251012145
KOTYARK,1213,2021-11-17,0.016488046166529265,4.910931174089069
AROGRANITE,4799,2007-04-24,0.03959158157949573,19.42914979757085
DAVANGERE,669,2024-01-25,0.008968609865470852,2.708502024291498
SAGILITY,475,2024-11-12,0.014736842105263158,1.9230769230769231
AJANTPHARM,4934,2006-10-06,0.0022294284556141062,19.975708502024293
PRIMESECU,4933,2006-10-06,0.01824447597810663,19.97165991902834
NOVARTIND,909,2020-10-07,0.03850385038503851,3.6801619433198383
RELTD,545,2024-07-30,0.009174311926605505,2.2064777327935223
EXCELINDUS,4935,2006-10-06,0.01398176291793313,19.979757085020243
DAICHI,33,2026-08-18,0.0,0.13360323886639677
EMPOWER,33,2026-08-19,0.030303030303030304,0.13360323886639677
VIJIFIN,2531,2016-07-11,0.03239826155669696,10.246963562753036
INDGN,599,2024-05-13,0.01001669449081803,2.425101214574899
SHINDL,34,2026-08-18,0.0,0.13765182186234817
GRANULES,4934,2006-10-06,0.0022294284556141062,19.975708502024293
MERCURYEV,90,2026-06-02,0.022222222222222223,0.3643724696356275
AIIL,614,2024-04-23,0.011400651465798045,2.48582995951417
CROWN,2361,2017-03-16,0.40152477763659467,9.558704453441296
SHILPAMED,4161,2009-12-03,0.0019226147560682527,16.846153846153847
APARINDS,4937,2006-10-06,0.0026331780433461616,19.987854251012145
SOBHA,4884,2006-12-20,0.0020475020475020475,19.77327935222672
IOLCP,3930,2010-11-08,0.03384223918575063,15.910931174089068
WIPRO,4937,2006-10-06,0.0024306258861656878,19.987854251012145
ABMINTLLTD,2537,2016-06-29,0.262908947575877,10.271255060728745
IGARASHI,4937,2006-10-06,0.005468908243872798,19.987854251012145
NHPC,4223,2009-09-01,0.002604783329386692,17.097165991902834
SIMPLXREA,33,2026-08-19,0.09090909090909091,0.13360323886639677
DIGITIDE,330,2025-06-11,0.012121212121212121,1.3360323886639676
RAJOOENG,342,2025-05-29,0.017543859649122806,1.3846153846153846
HUDCO,2324,2017-05-19,0.0030120481927710845,9.408906882591094
LKPSEC,35,2026-08-18,0.02857142857142857,0.1417004048582996
MAKERSL,34,2026-08-18,0.0,0.13765182186234817
DPSCLTD,4553,2008-04-21,0.028772238084779266,18.4331983805668
RENUKA,4936,2006-10-06,0.002228525121555916,19.983805668016196
KKCL,4934,2006-10-06,0.003445480340494528,19.975708502024293
VISHWARAJ,1731,2019-10-15,0.0028885037550548816,7.008097165991903
RAMCOCEM,4934,2006-10-06,0.0018240778273206323,19.975708502024293
PAKKA,804,2023-07-11,0.008706467661691543,3.2550607287449393
NSLNISP,899,2023-02-20,0.008898776418242492,3.639676113360324
NECLIFE,4936,2006-10-06,0.0024311183144246355,19.983805668016196
MUFTI,689,2023-12-27,0.008708272859216255,2.789473684210526
MALLCOM,1156,2022-02-02,0.0034602076124567475,4.680161943319838
OMINFRAL,3776,2011-06-17,0.0256885593220339,15.287449392712551
HCG,2601,2016-03-31,0.002306805074971165,10.530364372469636
POONAWALLA,4936,2006-10-06,0.005672609400324149,19.983805668016196
MKPL,2271,2017-07-27,0.3985028621752532,9.194331983805668
VIJSOLX,34,2026-08-18,0.029411764705882353,0.13765182186234817
MITTAL,2096,2018-04-16,0.0825381679389313,8.48582995951417
VGCL,34,2026-08-18,0.0,0.13765182186234817
JAIPURKURT,2360,2017-03-16,0.288135593220339,9.554655870445345
HFCL,4937,2006-10-06,0.012355681588008913,19.987854251012145
MIIL,35,2026-08-18,0.02857142857142857,0.1417004048582996
KANCHI,34,2026-08-18,0.0,0.13765182186234817
AUSOMENT,4934,2006-10-06,0.19254154843940008,19.975708502024293
WONDERLA,3065,2014-05-09,0.001957585644371941,12.408906882591094
CANFINHOME,4935,2006-10-06,0.0028368794326241137,19.979757085020243
TATATECH,709,2023-11-30,0.011283497884344146,2.8704453441295548
EMCURE,558,2024-07-10,0.010752688172043012,2.2591093117408905
URJA,2358,2017-03-28,0.0021204410517387615,9.54655870445344
IPRINGLTD,39,2026-08-11,0.1282051282051282,0.15789473684210525
ACUTAAS,1257,2021-09-14,0.007159904534606206,5.089068825910931
TI,4008,2010-07-16,0.001996007984031936,16.22672064777328
AIAENG,4932,2006-10-06,0.0016220600162206002,19.967611336032387
PROTEAN,414,2025-02-06,0.014492753623188406,1.6761133603238867
LIBERTSHOE,4936,2006-10-06,0.0024311183144246355,19.983805668016196
ACGL,34,2026-08-18,0.029411764705882353,0.13765182186234817
APTECHT,4935,2006-10-06,0.0022289766970618034,19.979757085020243
ZYDUSLIFE,4936,2006-10-06,0.00506482982171799,19.983805668016196
SBC,1210,2021-11-23,0.006611570247933884,4.898785425101215
TAJGVK,4935,2006-10-06,0.005065856129685917,19.979757085020243
SPORTKING,1020,2022-08-24,0.0058823529411764705,4.129554655870446
TIGERLOGS,263,2025-09-18,0.019011406844106463,1.0647773279352226
INDIASHLTR,691,2023-12-20,0.005788712011577424,2.7975708502024292
TTKHLTCARE,4137,2010-01-08,0.05777133188300701,16.748987854251013
MOMSBELIEF,18,2026-09-09,0.0,0.0728744939271255
ASMS,4934,2006-10-06,0.01722740170247264,19.975708502024293
PBMPOLY,34,2026-08-18,0.23529411764705882,0.13765182186234817
BHARATSE,384,2025-03-25,0.015625,1.5546558704453441
SUNSHINE,31,2026-08-25,0.06451612903225806,0.12550607287449392
TFL,4838,2007-02-26,0.09632079371641174,19.587044534412957
JINDWORLD,3918,2010-11-25,0.01046452271567126,15.862348178137651
INDOTECH,4935,2006-10-06,0.005876393110435664,19.979757085020243
FOODSIN,1211,2021-11-16,0.00495458298926507,4.902834008097166
BTTL,116,2026-04-22,0.017241379310344827,0.46963562753036436
PRAKASHSTL,3979,2010-08-25,0.05805478763508419,16.10931174089069
LALITHAA,32,2026-08-24,0.0625,0.12955465587044535
SAICAPI,34,2026-08-18,0.029411764705882353,0.13765182186234817
LEAPIND,38,2026-08-14,0.05263157894736842,0.15384615384615385
KINGFA,4136,2010-01-08,0.14724371373307543,16.74493927125506
VRAJ,564,2024-07-03,0.008865248226950355,2.283400809716599
KPIGREEN,1290,2021-07-27,0.006201550387596899,5.222672064777328
SUDEEPPHRM,215,2025-11-28,0.023255813953488372,0.8704453441295547
GANDHITUBE,4855,2007-01-31,0.03954685890834191,19.655870445344128
QUICKHEAL,2630,2016-02-18,0.002661596958174905,10.647773279352228
DATAMATICS,4935,2006-10-06,0.004863221884498481,19.979757085020243
ROSSELLIND,3461,2012-09-25,0.02484830973707021,14.012145748987853
MOLDTECH,2534,2016-07-07,0.0015785319652722968,10.259109311740891
PODDARMENT,2442,2016-11-22,0.0012285012285012285,9.88663967611336
KERNEX,4936,2006-10-06,0.0028363047001620746,19.983805668016196
VALIANTLAB,743,2023-10-06,0.008075370121130552,3.0080971659919027
MAHLOG,2203,2017-11-10,0.0027235587834770767,8.919028340080972
EVEREADY,4934,2006-10-06,0.002026753141467369,19.975708502024293
BUILDPRO,184,2026-01-09,0.021739130434782608,0.7449392712550608
SMARTLINK,4935,2006-10-06,0.004457953394123607,19.979757085020243
MEDPLUS,1185,2021-12-23,0.004219409282700422,4.797570850202429
CPL,51,2026-07-23,0.0,0.20647773279352227
SALONA,3989,2010-08-09,0.24843319127600902,16.149797570850204
HIKAL,4934,2006-10-06,0.0024321037697608433,19.975708502024293
MAHSCOOTER,4934,2006-10-06,0.008107012565869477,19.975708502024293
ZEELEARN,3900,2010-12-20,0.0071794871794871795,15.789473684210526
SILINV,4934,2006-10-06,0.08107012565869477,19.975708502024293
LYKALABS,4933,2006-10-06,0.08351915669977701,19.97165991902834
BLISSGVS,4001,2010-07-26,0.001999500124968758,16.19838056680162
SKFINDUS,207,2025-12-08,0.014492753623188406,0.8380566801619433
SIMPLEXINF,4935,2006-10-06,0.0022289766970618034,19.979757085020243
PRECAM,2637,2016-02-08,0.0022753128555176336,10.676113360323887
AXITA,1063,2022-06-21,0.005644402634054563,4.303643724696356
NELCO,4937,2006-10-06,0.0026331780433461616,19.987854251012145
PACEDIGITK,253,2025-10-06,0.023715415019762844,1.0242914979757085
KUSUMGAR,59,2026-07-15,0.01694915254237288,0.2388663967611336
JMFINANCIL,4935,2006-10-10,0.0024316109422492403,19.979757085020243
GODREJIND,4935,2006-10-06,0.0022289766970618034,19.979757085020243
GKB,39,2026-08-11,0.1794871794871795,0.15789473684210525
GSFC,4937,2006-10-06,0.0024306258861656878,19.987854251012145
TVTODAY,4936,2006-10-06,0.002228525121555916,19.983805668016196
ANTHEM,305,2025-07-21,0.019672131147540985,1.2348178137651822
TARACHAND,2109,2018-03-23,0.2024656235182551,8.538461538461538
THEJO,2529,2016-07-13,0.23487544483985764,10.238866396761134
XTGLOBAL,514,2024-09-16,0.011673151750972763,2.080971659919028
PGEL,3710,2011-09-26,0.0029649595687331535,15.020242914979757
GSS,4581,2008-03-07,0.0030561012879283997,18.546558704453442
VLEGOV,778,2023-08-14,0.007712082262210797,3.1497975708502026
BPLPHARMA,33,2026-08-18,0.0,0.13360323886639677
JAICORPLTD,4937,2006-10-06,0.0024306258861656878,19.987854251012145
KIMS,1309,2021-06-28,0.0053475935828877,5.299595141700405
RIR,59,2026-07-16,0.03389830508474576,0.2388663967611336
CYBERTECH,4934,2006-10-06,0.0032428050263477908,19.975708502024293
EMPIND,33,2026-08-18,0.0,0.13360323886639677
DICIND,4932,2006-10-06,0.006082725060827251,19.967611336032387
ADANIPOWER,4231,2009-08-20,0.002599858189553297,17.129554655870447
SAHYADRI,866,2023-04-06,0.005773672055427252,3.506072874493927
CAMLINFINE,2893,2015-01-20,0.0017283097131005876,11.712550607287449
INDIACEM,4936,2006-10-06,0.002228525121555916,19.983805668016196
BAJAJHFL,513,2024-09-16,0.011695906432748537,2.076923076923077
BENARAS,33,2026-08-18,0.0,0.13360323886639677
ROML,4233,2009-08-12,0.13985353177415544,17.13765182186235
MARKSANS,4937,2006-10-06,0.006279116872594693,19.987854251012145
ORIENTALTL,4833,2007-03-07,0.08876474239602732,19.5668016194332
SMSPHARMA,4839,2007-02-28,0.007232899359371771,19.591093117408906
OPTIFIN,35,2026-08-18,0.02857142857142857,0.1417004048582996
SURAJEST,691,2023-12-26,0.010130246020260492,2.7975708502024292
PIONEEREMB,4934,2006-10-06,0.028171868666396434,19.975708502024293
ENGINERSIN,4937,2006-10-06,0.004658699615150901,19.987854251012145
SANGAMIND,4933,2006-10-06,0.002027163997567403,19.97165991902834
AUBANK,2288,2017-07-11,0.0030594405594405595,9.263157894736842
TIMKEN,4935,2006-10-06,0.019452887537993922,19.979757085020243
NTPC,4936,2006-10-06,0.002228525121555916,19.983805668016196
INDIANB,4840,2007-03-01,0.0024793388429752068,19.59514170040486
ORBTEXP,3188,2013-11-05,0.0015683814303638645,12.906882591093117
MAHESHWARI,2364,2017-03-15,0.05626057529610829,9.570850202429149
ECOSMOBLTY,520,2024-09-04,0.009615384615384616,2.1052631578947367
PATANJALI,4937,2006-10-06,0.012963338059550335,19.987854251012145
CLEAN,1293,2021-07-19,0.005413766434648105,5.234817813765182
GHCLTEXTIL,822,2023-06-12,0.0072992700729927005,3.327935222672065
SHIVALIK,1197,2021-12-09,0.005847953216374269,4.846153846153846
HMAAGRO,807,2023-07-04,0.007434944237918215,3.2672064777327936
SHARDACROP,2971,2014-09-23,0.002019522046449007,12.02834008097166
HONAUT,4932,2006-10-06,0.0018248175182481751,19.967611336032387
SRIKPRIND,34,2026-08-18,0.0,0.13765182186234817
ASHAPURMIN,4935,2006-10-06,0.0024316109422492403,19.979757085020243
VSTL,651,2024-02-20,0.004608294930875576,2.6356275303643724
FINKURVE,251,2025-10-06,0.01593625498007968,1.0161943319838056
SANSTAR,549,2024-07-26,0.01092896174863388,2.222672064777328
IOB,4936,2006-10-06,0.002228525121555916,19.983805668016196
CDSL,2295,2017-06-30,0.0030501089324618735,9.291497975708502
NATCOPHARM,4937,2006-10-06,0.0026331780433461616,19.987854251012145
TRIDENT,4936,2006-10-06,0.002633711507293355,19.983805668016196
QMSMEDI,986,2022-10-11,0.038539553752535496,3.9919028340080973
PFIZER,4935,2006-10-06,0.0022289766970618034,19.979757085020243
VMART,3363,2013-02-20,0.0023788284269997025,13.615384615384615
DAMODARIND,2535,2016-07-04,0.0027613412228796844,10.263157894736842
ITCHOTELS,421,2025-01-29,0.0166270783847981,1.7044534412955465
ANUHPHR,448,2024-12-20,0.013392857142857142,1.8137651821862348
HITECHGEAR,4932,2006-10-06,0.012570965125709651,19.967611336032387
PUNJABCHEM,4831,2007-03-08,0.013040778306768785,19.558704453441294
ALKYLAMINE,4655,2007-11-26,0.03780880773361976,18.846153846153847
BHAGCHEM,1229,2021-10-18,0.0032546786004882017,4.9757085020242915
MEDICO,1081,2022-05-26,0.004625346901017576,4.376518218623482
CARERATING,3402,2012-12-26,0.00205761316872428,13.773279352226721
SUYOG,532,2024-08-20,0.009398496240601503,2.1538461538461537
TATVA,1288,2021-07-29,0.006211180124223602,5.2145748987854255
RAJSREESUG,4935,2006-10-06,0.005876393110435664,19.979757085020243
SUPREMEIND,4937,2006-10-06,0.0024306258861656878,19.987854251012145
SSWL,4936,2006-10-06,0.00506482982171799,19.983805668016196
GILLETTE,4935,2006-10-06,0.0026342451874366768,19.979757085020243
MAXESTATES,726,2023-10-30,0.006887052341597796,2.9392712550607287
NATIONSTD,35,2026-08-18,0.02857142857142857,0.1417004048582996
DECNGOLD,36,2026-08-18,0.05555555555555555,0.145748987854251
DBREALTY,4105,2010-02-24,0.00194884287454324,16.619433198380566
FISCHER,312,2025-07-10,0.019230769230769232,1.263157894736842
SENORES,443,2024-12-30,0.013544018058690745,1.7935222672064777
VEDL,4937,2006-10-06,0.0024306258861656878,19.987854251012145
SPARC,4936,2006-10-06,0.04112641815235008,19.983805668016196
SHRIKRISH,31,2026-08-20,0.03225806451612903,0.12550607287449392
GSLSU,872,2023-03-23,0.0045871559633027525,3.5303643724696356
BRAHMINFRA,33,2026-08-18,0.0,0.13360323886639677
IFBAGRO,4934,2006-10-06,0.012363194162950952,19.975708502024293
VTL,4936,2006-10-06,0.0024311183144246355,19.983805668016196
INDORAMA,4937,2006-10-06,0.006076564715414219,19.987854251012145
PRABHA,386,2025-03-19,0.010362694300518135,1.562753036437247
SADHNANIQ,849,2023-05-05,0.007067137809187279,3.437246963562753
PRAENG,4875,2007-01-03,0.005128205128205128,19.736842105263158
INDBANK,4439,2008-10-08,0.0063077269655327775,17.97165991902834
KIRANVYPAR,34,2026-08-18,0.0,0.13765182186234817
EASEMYTRIP,1374,2021-03-19,0.005094614264919942,5.562753036437247
CEINSYS,159,2026-02-19,0.031446540880503145,0.6437246963562753
STEELXIND,2281,2017-07-20,0.003068829460762823,9.234817813765183
GRSE,1969,2018-10-24,0.0030472320975114273,7.97165991902834
ASIANPAINT,4937,2006-10-06,0.0024306258861656878,19.987854251012145
CUMMINSIND,4937,2006-10-06,0.0024306258861656878,19.987854251012145
JHS,4924,2006-10-23,0.04021121039805037,19.93522267206478
GRAVISSHO,33,2026-08-18,0.0,0.13360323886639677
BALKRISIND,4934,2006-10-06,0.0030401297122010537,19.975708502024293
SUMMITSEC,4164,2009-11-26,0.06580211335254563,16.858299595141702
SUNTV,4936,2006-10-06,0.002228525121555916,19.983805668016196
AARTIIND,4935,2006-10-06,0.0024316109422492403,19.979757085020243
LALPATHLAB,2668,2015-12-23,0.0022488755622188904,10.80161943319838
LEMERITE,1086,2022-05-23,0.02302025782688766,4.396761133603239
GRPLTD,2875,2015-02-12,0.009739130434782608,11.639676113360323
RSSOFTWARE,4935,2006-10-06,0.00425531914893617,19.979757085020243
SFL,2431,2016-12-12,0.0024681201151789387,9.842105263157896
SECMARK,735,2023-10-16,0.012244897959183673,2.9757085020242915
GUJALKALI,4936,2006-10-06,0.004457050243111832,19.983805668016196
VENUSPIPES,1084,2022-05-24,0.005535055350553505,4.388663967611336
ROHLTD,4933,2006-10-06,0.002027163997567403,19.97165991902834
GEMAROMA,276,2025-08-26,0.010869565217391304,1.1174089068825912
EPACK,667,2024-01-30,0.008995502248875561,2.700404858299595
MANGLMCEM,4934,2006-10-06,0.0018240778273206323,19.975708502024293
BBTCL,1958,2018-10-31,0.2696629213483146,7.9271255060728745
ALKEM,2666,2015-12-23,0.0018754688672168042,10.793522267206479
ECLERX,4632,2007-12-31,0.0028065630397236616,18.753036437246962
TOTAL,2263,2017-08-07,0.12461334511710119,9.161943319838057
AWL,1156,2022-02-08,0.006920415224913495,4.680161943319838
CNL,2270,2017-07-27,0.11894273127753303,9.190283400809717
CINELINE,4846,2007-02-14,0.015683037556747832,19.619433198380566
TAINWALCHM,4933,2006-10-06,0.0658828299209406,19.97165991902834
JISLDVREQS,3666,2011-11-30,0.0019094380796508457,14.842105263157896
SUPREME,414,2025-02-03,0.007246376811594203,1.6761133603238867
RSYSTEMS,4936,2006-10-06,0.0042544570502431114,19.983805668016196
SINDHUTRAD,816,2023-06-20,0.004901960784313725,3.3036437246963564
CARRARO,440,2024-12-30,0.00909090909090909,1.7813765182186234
NIRAJISPAT,636,2024-03-11,0.5125786163522013,2.574898785425101
PLATIND,643,2024-03-05,0.00933125972006221,2.603238866396761
ACI,962,2022-11-21,0.007276507276507277,3.8947368421052633
SPECTRUM,1968,2018-10-16,0.5010162601626016,7.967611336032388
CORDSCABLE,4597,2008-02-13,0.023058516423754623,18.611336032388664
HIRECT,4879,2006-12-27,0.005328960852633737,19.753036437246962
BODALCHEM,3730,2011-08-22,0.04450402144772118,15.101214574898785
BASML,4935,2006-10-06,0.015602836879432624,19.979757085020243
ATLANTAA,4933,2006-10-06,0.002027163997567403,19.97165991902834
SONAMLTD,2043,2018-06-28,0.21145374449339208,8.271255060728745
RAJTV,4827,2007-03-16,0.0039361922519163045,19.54251012145749
MODISONLTD,1346,2021-05-03,0.003714710252600297,5.449392712550607
MANAKSIA,4623,2008-01-08,0.0025957170668397143,18.7165991902834
TECHNOCRAF,38,2026-08-14,0.05263157894736842,0.15384615384615385
KHAICHEM,1470,2020-10-30,0.004081632653061225,5.951417004048583
KANOHAR,15,2026-09-16,0.06666666666666667,0.06072874493927125
DSKULKARNI,4931,2006-10-06,0.42141553437436624,19.963562753036438
MANALIPETC,4937,2006-10-06,0.011140368644926069,19.987854251012145
PIONRINV,34,2026-08-18,0.058823529411764705,0.13765182186234817
JAYNECOIND,4936,2006-10-06,0.0028363047001620746,19.983805668016196
JOCIL,4437,2008-10-08,0.01983322064457967,17.963562753036438
BIRLACORPN,4935,2006-10-06,0.0024316109422492403,19.979757085020243
SANOFI,4936,2006-10-06,0.0024311183144246355,19.983805668016196
ADROITIND,3,2026-09-30,0.0,0.012145748987854251
ONGC,4937,2006-10-06,0.0024306258861656878,19.987854251012145
SICALLOG,4932,2006-10-06,0.0770478507704785,19.967611336032387
KHAITANLTD,4932,2006-10-06,0.3329278183292782,19.967611336032387
IOC,4937,2006-10-06,0.0024306258861656878,19.987854251012145
KARMAENG,3767,2011-06-28,0.08786833023626228,15.251012145748987
UFLEX,4935,2006-10-06,0.0022289766970618034,19.979757085020243
CEATLTD,4606,2008-02-01,0.002822405557967868,18.647773279352226
ULTRAMAR,119,2026-04-22,0.03361344537815126,0.4817813765182186
ROTO,1108,2022-04-21,0.007220216606498195,4.48582995951417
NRBBEARING,4935,2006-10-06,0.0022289766970618034,19.979757085020243
SPECIALITY,3543,2012-05-30,0.0019757267852102737,14.34412955465587
IONEXCHANG,1145,2022-02-22,0.00611353711790393,4.635627530364372
THOMASCOTT,3626,2012-01-30,0.26916712630998346,14.680161943319838
SGMART,266,2025-09-12,0.015037593984962405,1.0769230769230769
GIPCL,4935,2006-10-06,0.0022289766970618034,19.979757085020243
ANIKINDS,4534,2008-05-21,0.024261138067931187,18.356275303643724
VESUVIUS,4935,2006-10-06,0.0028368794326241137,19.979757085020243
SAPPL,34,2026-08-18,0.0,0.13765182186234817
MBAPL,2490,2016-09-12,0.15140562248995984,10.080971659919028
BAJAJELEC,4668,2007-11-02,0.008140531276778063,18.898785425101213
VIRTUALG,33,2026-08-19,0.0,0.13360323886639677
MARINE,1967,2018-10-26,0.061006609049313675,7.963562753036437
USK,867,2023-04-03,0.00461361014994233,3.5101214574898787
MAXHEALTH,1521,2020-08-21,0.0046022353714661405,6.157894736842105
ORISSAMINE,3956,2010-09-29,0.0020222446916076846,16.016194331983804
ORKLAINDIA,231,2025-11-06,0.021645021645021644,0.9352226720647774
STERTOOLS,4936,2006-10-06,0.04112641815235008,19.983805668016196
COCHINSHIP,2265,2017-08-11,0.0030905077262693157,9.17004048582996
HEXT,405,2025-02-19,0.014814814814814815,1.639676113360324
GOODYEAR,4355,2006-10-06,0.799081515499426,17.63157894736842
ITI,4937,2006-10-06,0.0026331780433461616,19.987854251012145
CLEANMAX,149,2026-03-02,0.020134228187919462,0.6032388663967612
DISAQ,116,2026-04-21,0.0,0.46963562753036436
RHFL,2236,2017-09-22,0.025044722719141325,9.052631578947368
EIEL,464,2024-11-29,0.015086206896551725,1.8785425101214575
OMPOWER,121,2026-04-17,0.024793388429752067,0.4898785425101215
DENTA,420,2025-01-29,0.014285714285714285,1.7004048582995952
SULA,939,2022-12-22,0.007454739084132056,3.8016194331983804
NDTV,4936,2006-10-06,0.002228525121555916,19.983805668016196
RPSGVENT,1903,2019-01-25,0.0031529164477141357,7.704453441295547
VELJAN,35,2026-08-18,0.02857142857142857,0.1417004048582996
GRAPHITE,4937,2006-10-06,0.0024306258861656878,19.987854251012145
WSI,4731,2007-08-01,0.12555485098287889,19.153846153846153
RAMANEWS,4933,2006-10-06,0.0018244475978106628,19.97165991902834
FELDVR,4887,2006-12-12,0.016369961121342338,19.785425101214575
PREMEXPLN,2549,2016-06-17,0.0023538642604943117,10.319838056680162
BATLIBOI,123,2026-04-15,0.056910569105691054,0.4979757085020243
GODAVARIB,481,2024-10-30,0.010395010395010396,1.9473684210526316
APOLSINHOT,2873,2015-02-16,0.05325443786982249,11.631578947368421
TEAMLEASE,2632,2016-02-12,0.001899696048632219,10.65587044534413
GOCOLORS,1202,2021-11-30,0.004991680532445923,4.866396761133603
RAMCOIND,4936,2006-10-06,0.0024311183144246355,19.983805668016196
RADIANTCMS,930,2023-01-04,0.007526881720430108,3.7651821862348176
DRREDDY,4935,2006-10-06,0.0022289766970618034,19.979757085020243
THOMASCOOK,4936,2006-10-06,0.002228525121555916,19.983805668016196
STARCEMENT,2301,2017-06-19,0.0021729682746631897,9.31578947368421
HEALTHX,3948,2010-10-05,0.0048125633232016215,15.983805668016194
BROOKS,3722,2011-09-05,0.0018807092960773778,15.068825910931174
KLBRENG-B,36,2026-08-18,0.05555555555555555,0.145748987854251
GTPL,2291,2017-07-04,0.0026189436927106066,9.275303643724696
VENTIVE,442,2024-12-30,0.011312217194570135,1.7894736842105263
RPOWER,4602,2008-02-11,0.002607561929595828,18.63157894736842
IVC,4940,2006-10-06,0.0036437246963562753,20.0
AXISCADES,4936,2006-10-06,0.012763371150729336,19.983805668016196
SGRL,35,2026-08-18,0.02857142857142857,0.1417004048582996
GOLDTECH,4933,2006-10-06,0.03405635515913237,19.97165991902834
SALZERELEC,2683,2015-12-02,0.0022363026462914647,10.862348178137651
ENERGYDEV,4665,2007-11-02,0.007931404072883173,18.88663967611336
GLOSTERLTD,607,2024-04-26,0.006589785831960461,2.45748987854251
IWP,35,2026-08-18,0.02857142857142857,0.1417004048582996
SUNLOC,34,2026-08-18,0.11764705882352941,0.13765182186234817
HPAL,1183,2021-12-27,0.00507185122569738,4.7894736842105265
JNKINDIA,607,2024-04-30,0.008237232289950576,2.45748987854251
KARAMTARA,13,2026-09-17,0.0,0.05263157894736842
LODHA,1357,2021-04-19,0.005158437730287398,5.493927125506073
INDOTHAI,3684,2011-11-02,0.007057546145494028,14.914979757085021
SUVIDHAA,1367,2021-03-31,0.0043891733723482075,5.534412955465587
SIKA,35,2026-08-18,0.02857142857142857,0.1417004048582996
APOORVA,31,2026-08-20,0.2903225806451613,0.12550607287449392
ESCORTS,4937,2006-10-06,0.0024306258861656878,19.987854251012145
SMARTWORKS,305,2025-07-17,0.013114754098360656,1.2348178137651822
BBOX,4935,2006-10-06,0.00303951367781155,19.979757085020243
SASKEN,4935,2006-10-06,0.002026342451874367,19.979757085020243
NEULANDLAB,4437,2008-10-13,0.011945007888212756,17.963562753036438
NETWEB,793,2023-07-27,0.01008827238335435,3.210526315789474
ASTEC,4165,2009-11-25,0.010324129651860744,16.86234817813765
KHANDSE,4932,2006-10-06,0.21776155717761558,19.967611336032387
TPHQ,4930,2006-10-06,0.5141987829614605,19.959514170040485
VIKASLIFE,1839,2019-05-08,0.0038064165307232192,7.445344129554656
PTCIL,824,2023-06-09,0.007281553398058253,3.3360323886639676
DYNAMATECH,4936,2006-10-06,0.029781199351701784,19.983805668016196
IKIO,821,2023-06-16,0.0097442143727162,3.3238866396761133
VMM,451,2024-12-18,0.015521064301552107,1.825910931174089
PNBGILTS,4936,2006-10-06,0.0024311183144246355,19.983805668016196
CHEVIOT,1064,2022-06-20,0.005639097744360902,4.3076923076923075
SECURKLOUD,3130,2014-01-29,0.06070287539936102,12.672064777327936
SUNTECK,4174,2009-11-13,0.0019166267369429804,16.898785425101213
SURYAROSNI,4936,2006-10-06,0.0024311183144246355,19.983805668016196
VPRPL,765,2023-09-05,0.009150326797385621,3.097165991902834
OAL,1609,2020-04-15,0.003107520198881293,6.51417004048583
EXPLEOSOL,4184,2009-10-26,0.18475143403441682,16.939271255060728
AMBALALSA,116,2026-04-22,0.017241379310344827,0.46963562753036436
LORDSCHLO,768,2023-08-28,0.010416666666666666,3.1093117408906883
LAXMIINDIA,291,2025-08-05,0.010309278350515464,1.1781376518218623
GLOBUSSPR,4205,2009-09-23,0.0019024970273483948,17.024291497975707
SANGHVIMOV,4862,2007-01-24,0.0022624434389140274,19.68421052631579
STUDDS,230,2025-11-07,0.021739130434782608,0.9311740890688259
PASUPTAC,1236,2021-10-12,0.0056634304207119745,5.004048582995951
POLICYBZR,1214,2021-11-15,0.005766062602965404,4.91497975708502
GOKEX,4935,2006-10-06,0.00303951367781155,19.979757085020243
TRUALT,252,2025-10-06,0.01984126984126984,1.0202429149797572
BEDMUTHA,3941,2010-10-14,0.00786602385181426,15.955465587044534
TECHM,4937,2006-10-06,0.0024306258861656878,19.987854251012145
MADHAVIPL,35,2026-08-18,0.02857142857142857,0.1417004048582996
WENDT,4935,2006-10-06,0.032016210739615,19.979757085020243
ABCOTS,1160,2022-01-25,0.24568965517241378,4.696356275303644
LAMBODHARA,2883,2015-02-04,0.001387443635102324,11.672064777327936
NAVNETEDUL,4935,2006-10-06,0.002026342451874367,19.979757085020243
ZEEMEDIA,4935,2006-10-06,0.002026342451874367,19.979757085020243
AADHARHFC,597,2024-05-15,0.010050251256281407,2.417004048582996
ORCHASP,412,2025-02-07,0.012135922330097087,1.6680161943319838
SARDAEN,4161,2009-12-03,0.0019226147560682527,16.846153846153847
STEL,3865,2011-02-09,0.018369987063389392,15.647773279352228
SRGHFL,774,2023-08-21,0.00904392764857881,3.133603238866397
TCS,4937,2006-10-06,0.0024306258861656878,19.987854251012145
CUBEXTUB,4610,2008-01-25,0.13210412147505424,18.663967611336034
BOHRAIND,2274,2017-07-24,0.3482849604221636,9.206477732793521
BLUSPRING,330,2025-06-11,0.012121212121212121,1.3360323886639676
RACLGEAR,456,2024-12-06,0.010964912280701754,1.8461538461538463
NIRLON,116,2026-04-23,0.017241379310344827,0.46963562753036436
GARUDA,492,2024-10-15,0.01016260162601626,1.991902834008097
THYROCARE,2578,2016-05-09,0.004266873545384018,10.437246963562753
AMBICAAGAR,4931,2006-10-06,0.558304603528696,19.963562753036438
GLENMARK,4937,2006-10-06,0.0024306258861656878,19.987854251012145
SETCO,2537,2016-07-01,0.002364998029168309,10.271255060728745
KRIDHANINF,2674,2015-12-11,0.0014958863126402393,10.82591093117409
AKSHAR,1083,2022-05-23,0.00554016620498615,4.384615384615385
AYE,160,2026-02-16,0.025,0.6477732793522267
TARC,1435,2020-12-18,0.003484320557491289,5.809716599190283
UTLSOLAR,221,2025-11-20,0.02262443438914027,0.8947368421052632
SAILIFE,451,2024-12-18,0.015521064301552107,1.825910931174089
AMJLAND,4933,2006-10-06,0.023920535171295356,19.97165991902834
BCPL,133,2026-03-27,0.03007518796992481,0.5384615384615384
NIITMTS,781,2023-08-08,0.0076824583866837385,3.161943319838057
GLASSWALL,15,2026-09-16,0.06666666666666667,0.06072874493927125
SAGARDEEP,2284,2017-07-13,0.14798598949211908,9.246963562753036
AMRUTANJAN,4180,2009-11-05,0.0019138755980861245,16.923076923076923
RTSPOWR,34,2026-08-18,0.0,0.13765182186234817
WABAG,3947,2010-10-13,0.002280212819863187,15.979757085020243
MANORAMA,1058,2022-07-01,0.007561436672967864,4.283400809716599
JTEKTINDIA,4937,2006-10-06,0.0028357302005266355,19.987854251012145
DEN,4164,2009-11-24,0.001440922190201729,16.858299595141702
DPWIRES,2222,2017-10-06,0.171017101710171,8.995951417004049
HERITGFOOD,4937,2006-10-06,0.0048612517723313755,19.987854251012145
JNPR,43,2026-08-06,0.023255813953488372,0.17408906882591094
WARDINMOBI,34,2026-08-18,0.0,0.13765182186234817
TATACHEM,4937,2006-10-06,0.0024306258861656878,19.987854251012145
TIMETECHNO,4770,2007-06-13,0.005660377358490566,19.31174089068826
GUJRAFFIA,1934,2017-12-06,0.000517063081695967,7.82995951417004
CENTEXT,4934,2006-10-06,0.015403323875152006,19.975708502024293
CEWATER,442,2024-12-27,0.011312217194570135,1.7894736842105263
SAMBHV,317,2025-07-02,0.015772870662460567,1.2834008097165992
SUPREMEINF,4678,2007-10-18,0.0440359127832407,18.939271255060728
LAOPALA,4829,2007-03-16,0.008076206253882792,19.55060728744939
JSL,4936,2006-10-06,0.002228525121555916,19.983805668016196
VADILENT,33,2026-08-19,0.030303030303030304,0.13360323886639677
ECORECO,33,2026-08-18,0.0,0.13360323886639677
SUDARSCHEM,4935,2006-10-06,0.04721377912867274,19.979757085020243
FEL,4932,2006-10-06,0.028183292781832927,19.967611336032387
RAMAPHO,1031,2022-08-05,0.005819592628516004,4.174089068825911
COFORGE,4937,2006-10-06,0.0024306258861656878,19.987854251012145
MAHLIFE,4936,2006-10-06,0.002228525121555916,19.983805668016196
KROSS,514,2024-09-16,0.011673151750972763,2.080971659919028
PARAS,1243,2021-10-01,0.0056315366049879325,5.032388663967612
MILKYMIST,36,2026-08-18,0.05555555555555555,0.145748987854251
GENSOL,809,2023-07-03,0.18294190358467244,3.2753036437246963
INDIGOPNTS,1408,2021-02-02,0.0078125,5.700404858299595
IRFC,1410,2021-01-29,0.005673758865248227,5.708502024291498
DIVGIITTS,880,2023-03-14,0.005681818181818182,3.562753036437247
GUJENERGY,2730,2015-09-15,0.002197802197802198,11.052631578947368
ATLANTAELE,254,2025-09-29,0.015748031496062992,1.0283400809716599
INFOBEAN,2278,2017-07-24,0.05487269534679543,9.222672064777328
IBULLSLTD,3735,2011-08-18,0.02115127175368139,15.121457489878543
STYLEBAAZA,521,2024-09-06,0.013435700575815739,2.1093117408906883
NITIRAJ,2362,2017-03-16,0.2713801862828112,9.562753036437247
TTL,4842,2007-02-22,0.0057827344072697235,19.60323886639676
GILLANDERS,4150,2009-12-14,0.012289156626506025,16.80161943319838
TGVSL,35,2026-08-18,0.02857142857142857,0.1417004048582996
ORIENTLTD,4933,2006-10-06,0.19541860936549768,19.97165991902834
VENUSREM,4883,2006-12-20,0.6848249027237354,19.76923076923077
BAJAJST,33,2026-08-18,0.0,0.13360323886639677
JUBLFOOD,4117,2010-02-08,0.0019431624969638087,16.668016194331983
COUNCODOS,4932,2006-10-06,0.07218167072181671,19.967611336032387
VIKASECO,3659,2011-12-12,0.004372779447936594,14.813765182186234
DEEPA,21,2026-09-08,0.09523809523809523,0.08502024291497975
ALBERTDAVD,2549,2016-06-14,0.001569242840329541,10.319838056680162
BSE,2394,2017-02-03,0.0029239766081871343,9.692307692307692
HUHTAMAKI,4937,2006-10-06,0.0028357302005266355,19.987854251012145
PRIMO,364,2025-04-22,0.005494505494505495,1.4736842105263157
UMAEXPORTS,1112,2022-04-07,0.0035971223021582736,4.502024291497976
INDOKEM,35,2026-08-18,0.02857142857142857,0.1417004048582996
NRL,1175,2022-01-06,0.00425531914893617,4.757085020242915
DMCC,1200,2021-12-01,0.005,4.8582995951417
SAKUMA,4934,2006-10-06,0.010133765707336847,19.975708502024293
SUNRAKSHAK,34,2026-08-18,0.0,0.13765182186234817
BDL,2111,2018-03-23,0.0028422548555187117,8.54655870445344
KELLTONTEC,2620,2016-03-02,0.0022900763358778627,10.607287449392713
GCSL,269,2025-09-04,0.01486988847583643,1.0890688259109311
SOUTHWEST,2135,2018-02-19,0.04871194379391101,8.643724696356275
ORIENTELEC,2078,2018-05-14,0.002406159769008662,8.412955465587045
RTNPOWER,4184,2009-10-30,0.002390057361376673,16.939271255060728
ALMONDZ,4517,2008-06-16,0.06198804516271862,18.28744939271255
VLSFINANCE,4933,2006-10-06,0.0022298803973241437,19.97165991902834
PREMIER,4932,2006-10-06,0.05150040551500405,19.967611336032387
EMAMIREAL,4934,2006-10-06,0.01053911633563032,19.975708502024293
ORIENTBELL,4849,2007-02-14,0.02330377397401526,19.63157894736842
LLOYDSENT,492,2024-10-17,0.012195121951219513,1.991902834008097
COMPUSOFT,3601,2012-03-02,0.0019439044709802832,14.578947368421053
RUBFILA,535,2024-08-09,0.005607476635514018,2.165991902834008
FLEXITUFF,3690,2011-10-19,0.003794037940379404,14.93927125506073
KPEL,468,2024-11-21,0.01282051282051282,1.894736842105263
PROZONER,3469,2012-09-12,0.002017872585759585,14.044534412955466
TPLPLASTEH,2816,2015-05-20,0.004971590909090909,11.40080971659919
RML,4936,2006-10-06,0.01478930307941653,19.983805668016196
STEELCAS,1208,2021-11-23,0.004966887417218543,4.890688259109312
PRITI,2036,2018-07-05,0.3148330058939096,8.242914979757085
PVRINOX,4936,2006-10-06,0.002633711507293355,19.983805668016196
AERONEU,921,2023-01-12,0.0054288816503800215,3.7287449392712553
LANDSMILL,4242,2009-08-03,0.003536067892503536,17.17408906882591
QUADFUTURE,433,2025-01-14,0.016166281755196306,1.7530364372469636
PTL,4859,2007-01-29,0.011319201481786376,19.672064777327936
FIBERWEB,1145,2022-02-16,0.0034934497816593887,4.635627530364372
SHRIRAMPPS,1190,2021-12-20,0.0058823529411764705,4.817813765182186
PENIND,3916,2010-11-25,0.001787538304392237,15.854251012145749
ROLLT,2443,2016-11-22,0.007777322963569382,9.890688259109313
CENTURYPLY,4934,2006-10-06,0.0024321037697608433,19.975708502024293
ALPINETEX,54,2026-07-21,0.018518518518518517,0.21862348178137653
KOTIC,35,2026-08-18,0.02857142857142857,0.1417004048582996
BEL,4937,2006-10-06,0.0024306258861656878,19.987854251012145
SANOFICONR,513,2024-09-13,0.009746588693957114,2.076923076923077
HGINFRA,2123,2018-03-09,0.003297220913801225,8.595141700404858
NRAIL,2352,2017-04-05,0.0021258503401360546,9.522267206477732
PARACABLES,4877,2007-01-03,0.006356366618823047,19.74493927125506
HALDYNGL,33,2026-08-18,0.0,0.13360323886639677
PNB,4937,2006-10-06,0.0024306258861656878,19.987854251012145
BAJAJCON,3986,2010-08-18,0.0022579026593075764,16.13765182186235
MASTEK,4937,2006-10-06,0.0026331780433461616,19.987854251012145
GANGESSECU,2269,2017-07-31,0.00881445570736007,9.186234817813766
PITTIENG,4854,2007-02-02,0.008858673259167697,19.65182186234818
KALPATARU,317,2025-07-01,0.012618296529968454,1.2834008097165992
BECTORFOOD,1432,2020-12-24,0.004888268156424581,5.797570850202429
VISHNU,2865,2015-03-05,0.002443280977312391,11.59919028340081
SPENCERS,1904,2019-01-25,0.003676470588235294,7.708502024291498
XCHANGING,4936,2006-10-06,0.007901134521880064,19.983805668016196
SEPC,4594,2008-02-20,0.0030474531998258597,18.59919028340081
RITCO,1109,2022-04-12,0.0036068530207394047,4.489878542510121
CTE,4850,2007-02-07,0.041237113402061855,19.635627530364374
KRITINUT,989,2022-10-07,0.005055611729019211,4.004048582995951
SINGERIND,135,2026-03-19,0.0,0.5465587044534413
EMIL,986,2022-10-17,0.008113590263691683,3.9919028340080973
TOYAMSL,35,2026-08-18,0.02857142857142857,0.1417004048582996
AJOONI,2161,2018-01-02,0.15964831096714485,8.748987854251013
BHARATGEAR,4935,2006-10-06,0.007497467071935157,19.979757085020243
TARAPUR,4047,2010-05-18,0.10773412404250061,16.384615384615383
ORICONENT,2767,2015-07-24,0.0014456089627755693,11.20242914979757
MENONBE,2863,2015-03-09,0.0017464198393293748,11.591093117408906
CHALET,1894,2019-02-07,0.0031678986272439284,7.668016194331984
BRIGHTBR,33,2026-08-18,0.0,0.13360323886639677
DALBHARAT,1926,2018-12-21,0.009345794392523364,7.797570850202429
POWERICA,131,2026-04-02,0.030534351145038167,0.5303643724696356
SAMPANN,3499,2012-07-27,0.033152329236924835,14.165991902834008
BASF,4935,2006-10-06,0.0024316109422492403,19.979757085020243
WALCHANNAG,4936,2006-10-06,0.0042544570502431114,19.983805668016196
DEVX,262,2025-09-17,0.015267175572519083,1.0607287449392713
INSECTICID,4777,2007-05-30,0.0020933640360058614,19.34008097165992
MAITHANALL,3765,2011-07-05,0.04966799468791501,15.242914979757085
NUCLEUS,4934,2006-10-06,0.0018240778273206323,19.975708502024293
NACLIND,2351,2017-04-10,0.0029774564015312634,9.518218623481781
KSOLVES,1530,2020-08-07,0.052941176470588235,6.194331983805668
SIS,2264,2017-08-10,0.002208480565371025,9.165991902834008
OMNI,150,2026-03-05,0.03333333333333333,0.6072874493927125
NETWORK18,4937,2006-10-06,0.01843224630342313,19.987854251012145
BHARATFORG,4934,2006-10-06,0.002026753141467369,19.975708502024293
COMPEAU,33,2026-08-18,0.0,0.13360323886639677
DCMSHRIRAM,4934,2006-10-06,0.0022294284556141062,19.975708502024293
VOEPL,70,2026-07-01,0.02857142857142857,0.2834008097165992
INVENTURE,3742,2011-08-04,0.002939604489577766,15.149797570850202
OMFREIGHT,248,2025-10-08,0.012096774193548387,1.0040485829959513
LUMINO,23,2026-09-03,0.043478260869565216,0.0931174089068826
DEVYANI,1274,2021-08-16,0.005494505494505495,5.157894736842105
PILITA,4933,2006-10-06,0.0618285019258058,19.97165991902834
IMPAL,4934,2006-10-06,0.01114714227807053,19.975708502024293
ARDEE,40,2026-08-12,0.05,0.16194331983805668
VHLTD,4718,2007-08-21,0.0712166172106825,19.101214574898787
PARAGMILK,2571,2016-05-19,0.0027226760015558148,10.408906882591094
CCL,4937,2006-10-06,0.0028357302005266355,19.987854251012145
UNIVCABLES,4937,2006-10-06,0.023698602390115453,19.987854251012145
SUPTANERY,34,2026-08-18,0.0,0.13765182186234817
FINOPB,1214,2021-11-12,0.005766062602965404,4.91497975708502
CENTRUM,2105,2018-04-04,0.0028503562945368173,8.522267206477732
SUNPHARMA,4937,2006-10-06,0.0024306258861656878,19.987854251012145
HDIL,4736,2007-07-24,0.07157939189189189,19.17408906882591
BRIGHOTEL,293,2025-07-31,0.010238907849829351,1.1862348178137652
JAYBARMARU,4935,2006-10-06,0.013171225937183385,19.979757085020243
CUPID,2489,2016-09-16,0.002812374447569305,10.076923076923077
COLPAL,4937,2006-10-06,0.0048612517723313755,19.987854251012145
AFSL,934,2022-12-23,0.0032119914346895075,3.7813765182186234
RUPA,3662,2011-12-07,0.03713817586018569,14.82591093117409
ICDSLTD,1299,2021-07-06,0.016936104695919937,5.2591093117408905
HCLTECH,4938,2006-10-06,0.005872823005265289,19.991902834008098
SREEL,3150,2014-01-01,0.07809523809523809,12.753036437246964
ABREL,4935,2006-10-06,0.0022289766970618034,19.979757085020243
RPGLIFE,4936,2006-10-06,0.00992706645056726,19.983805668016196
JYOTIRES,34,2026-08-18,0.0,0.13765182186234817
ABLBL,324,2025-06-24,0.018518518518518517,1.311740890688259
GALAPREC,517,2024-09-09,0.009671179883945842,2.0931174089068825
ANSALAPI,4932,2006-10-06,0.046228710462287104,19.967611336032387
INDOMIM,49,2026-07-30,0.04081632653061224,0.19838056680161945
AEROENTER,960,2022-11-21,0.007291666666666667,3.88663967611336
SCHAEFFLER,4936,2006-10-06,0.0030388978930307943,19.983805668016196
GPPL,3970,2010-09-09,0.0022670025188916876,16.072874493927124
TIRUPATIFL,2220,2017-10-12,0.08243243243243244,8.987854251012147
KALYANIFRG,4634,2007-12-20,0.1268882175226586,18.761133603238868
ANDREWYU,618,2021-08-05,0.05339805825242718,2.5020242914979756
TAKE,4715,2007-08-27,0.0019088016967126194,19.089068825910932
ARIHANTCAP,1316,2021-06-15,0.004559270516717325,5.327935222672065
TRENT,4937,2006-10-06,0.0026331780433461616,19.987854251012145
VSTIND,4936,2006-10-06,0.004051863857374392,19.983805668016196
SEYAIND,1789,2019-07-15,0.1587479038569033,7.242914979757085
DEEPAKFERT,4935,2006-10-06,0.0022289766970618034,19.979757085020243
LAXMICOT,2272,2017-07-25,0.30149647887323944,9.19838056680162
CLSEL,1337,2021-05-12,0.0029917726252804786,5.412955465587045
PCBL,4937,2006-10-06,0.0030382823577071094,19.987854251012145
BSHSL,2076,2018-05-10,0.0052986512524084775,8.404858299595142
HINDCON,2118,2018-03-12,0.2469310670443815,8.574898785425102
KSHITIJPOL,1965,2018-10-23,0.31653944020356234,7.955465587044534
IFBIND,4936,2006-10-06,0.003646677471636953,19.983805668016196
INA,148,2026-03-09,0.033783783783783786,0.5991902834008097
JYOTHYLAB,4638,2007-12-19,0.00258732212160414,18.777327935222672
SURYALAXMI,4933,2006-10-06,0.004662477194405028,19.97165991902834
ZAGGLE,753,2023-09-22,0.009296148738379814,3.048582995951417
MHLXMIRU,1161,2022-01-27,0.004306632213608958,4.700404858299595
OMAXAUTO,4935,2006-10-06,0.0024316109422492403,19.979757085020243
TEJASNET,2298,2017-06-27,0.0030461270670147957,9.303643724696355
VIVIMEDLAB,4933,2006-10-06,0.1487938374214474,19.97165991902834
NMDC,4587,2008-03-03,0.002616088947024199,18.57085020242915
PANACEABIO,4936,2006-10-06,0.0028363047001620746,19.983805668016196
VOGL,82,2026-06-15,0.036585365853658534,0.3319838056680162
NAUKRI,4906,2006-11-21,0.0030574806359559724,19.86234817813765
PAGEIND,4827,2007-03-16,0.006215040397762586,19.54251012145749
GREENLAM,2867,2015-03-02,0.0017439832577607255,11.607287449392713
INOXGREEN,961,2022-11-23,0.008324661810613945,3.8906882591093117
BPL,4935,2006-10-06,0.0024316109422492403,19.979757085020243
APCL,2347,2017-04-10,0.0017043033659991478,9.502024291497976
VISHAL,1118,2019-08-21,0.029516994633273702,4.526315789473684
KAMAHOLD,34,2026-08-18,0.0,0.13765182186234817
MMTC,4139,2010-01-08,0.002174438270113554,16.757085020242915
AURUM,2749,2015-08-19,0.0029101491451436886,11.129554655870445
DRCSYSTEMS,1377,2021-03-10,0.09803921568627451,5.574898785425101
DEEDEV,568,2024-06-26,0.008802816901408451,2.299595141700405
BALPHARMA,4932,2006-10-06,0.017842660178426603,19.967611336032387
UCAL,4932,2006-10-06,0.0038523925385239256,19.967611336032387
NFL,4881,2006-12-28,0.002458512599877074,19.761133603238868
PNC,4935,2006-10-06,0.025937183383991893,19.979757085020243
FINCABLES,4935,2006-10-06,0.0022289766970618034,19.979757085020243
SHILCTECH,220,2025-11-24,0.02727272727272727,0.8906882591093117
ODYCORP,34,2026-08-18,0.0,0.13765182186234817
SIYSIL,4936,2006-10-06,0.02593192868719611,19.983805668016196
MAJESAUT,117,2026-04-23,0.02564102564102564,0.47368421052631576
APOLLOHOSP,4937,2006-10-06,0.0024306258861656878,19.987854251012145
HAMPTON,33,2026-08-18,0.0,0.13360323886639677
UDS,744,2023-10-04,0.006720430107526882,3.0121457489878543
BIOCON,4937,2006-10-06,0.0024306258861656878,19.987854251012145
RCF,4937,2006-10-06,0.0024306258861656878,19.987854251012145
MFSL,4936,2006-10-06,0.002228525121555916,19.983805668016196
IVP,4935,2006-10-06,0.0547112462006079,19.979757085020243
HINDCOMPOS,4933,2006-10-06,0.09061423069126293,19.97165991902834
EMMBI,4103,2010-02-24,0.0024372410431391664,16.611336032388664
MODIS,223,2025-11-14,0.013452914798206279,0.902834008097166
ABMKNO,33,2026-08-18,0.0,0.13360323886639677
AMBUJACEM,4937,2006-10-06,0.0024306258861656878,19.987854251012145
PROSTARM,338,2025-06-03,0.014792899408284023,1.368421052631579
3IINFOLTD,4934,2006-10-06,0.009728415079043373,19.975708502024293
TORNTPHARM,4936,2006-10-06,0.0032414910858995136,19.983805668016196
ANDHRAPAP,4936,2006-10-06,0.014991896272285251,19.983805668016196
EUROTEXIND,4931,2006-10-06,0.18474954370310281,19.963562753036438
AFCONS,481,2024-11-04,0.014553014553014554,1.9473684210526316
MERCANTILE,33,2026-08-19,0.030303030303030304,0.13360323886639677
ICICIAMC,199,2025-12-19,0.02512562814070352,0.805668016194332
BIL,4933,2006-10-06,0.003851611595378066,19.97165991902834
BANCOINDIA,4883,2006-12-22,0.0036862584476756092,19.76923076923077
ARCL,33,2026-08-18,0.0,0.13360323886639677
VEDPOWER,82,2026-06-15,0.036585365853658534,0.3319838056680162
PVP,4933,2006-10-06,0.1141293330630448,19.97165991902834
CGVAK,33,2026-08-18,0.0,0.13360323886639677
WELCORP,4937,2006-10-06,0.0024306258861656878,19.987854251012145
GRADIENTE,105,2026-05-08,0.01904761904761905,0.4251012145748988
BANSALWIRE,557,2024-07-10,0.008976660682226212,2.2550607287449393
KPIL,4935,2006-10-06,0.0022289766970618034,19.979757085020243
DGCONTENT,1807,2019-06-18,0.024903154399557276,7.315789473684211
GRINDWELL,4934,2006-10-06,0.0044588569112282124,19.975708502024293
BBTC,4934,2006-10-06,0.002837454398054317,19.975708502024293
LGHL,1594,2020-05-05,0.48117942283563364,6.4534412955465585
NAHARCAP,4578,2008-03-11,0.019003931847968544,18.534412955465587
SYMPHONY,3779,2011-06-15,0.0023815824292140776,15.299595141700404
RKSWAMY,637,2024-03-12,0.006279434850863423,2.5789473684210527
INTERARCH,527,2024-08-26,0.007590132827324478,2.133603238866397
NITCO,4935,2006-10-06,0.0026342451874366768,19.979757085020243
CPEDU,269,2025-09-05,0.011152416356877323,1.0890688259109311
LICHSGFIN,4936,2006-10-06,0.002228525121555916,19.983805668016196
MOTOGENFIN,4935,2006-10-06,0.05531914893617021,19.979757085020243
SHANTIGEAR,4935,2006-10-06,0.002026342451874367,19.979757085020243
BNAGROCHEM,35,2026-08-18,0.05714285714285714,0.1417004048582996
FEDERALBNK,4937,2006-10-06,0.0024306258861656878,19.987854251012145
GOODLUCK,2495,2016-09-07,0.0028056112224448897,10.101214574898785
STALLION,425,2025-01-23,0.01411764705882353,1.7206477732793521
PANCHMAHQ,33,2026-08-18,0.2727272727272727,0.13360323886639677
VASUPRADA,35,2026-08-18,0.37142857142857144,0.1417004048582996
BALMLAWRIE,4935,2006-10-06,0.0024316109422492403,19.979757085020243
BRIGADE,4630,2007-12-31,0.0023758099352051837,18.74493927125506
JTLIND,1187,2021-12-23,0.030328559393428812,4.805668016194332
SUVEN,4937,2006-10-06,0.0024306258861656878,19.987854251012145
SIEL,34,2026-08-18,0.058823529411764705,0.13765182186234817
ASAHISONG,3725,2011-08-29,0.0026845637583892616,15.080971659919028
GFLLIMITED,4932,2006-10-06,0.0030413625304136255,19.967611336032387
CUB,4937,2006-10-06,0.0028357302005266355,19.987854251012145
SATIN,2744,2015-08-27,0.0018221574344023323,11.109311740890687
ZUARI,3424,2012-11-27,0.002628504672897196,13.862348178137651
ARIHANT,3852,2006-12-26,0.1573208722741433,15.595141700404858
SRM,624,2024-04-03,0.008012820512820512,2.526315789473684
AXTEL,33,2026-08-18,0.0,0.13360323886639677
SHBAJRG,34,2026-08-18,0.0,0.13765182186234817
METROBRAND,1186,2021-12-22,0.0042158516020236085,4.801619433198381
JKCEMENT,4936,2006-10-06,0.002228525121555916,19.983805668016196
ADSL,4737,2007-07-25,0.002322144817394976,19.178137651821864
SEMAC,4934,2006-10-06,0.039319010944466964,19.975708502024293
LCCPROJECT,12,2026-09-18,0.0,0.048582995951417005
SYSTMTXC,251,2025-10-06,0.01593625498007968,1.0161943319838056
VADILALIND,3777,2011-06-15,0.0021180831347630395,15.291497975708502
MUKESHB,33,2026-08-18,0.18181818181818182,0.13360323886639677
AVL,475,2024-11-06,0.010526315789473684,1.9230769230769231
NAHARINDUS,4936,2006-10-06,0.00547001620745543,19.983805668016196
AIROLAM,2222,2017-10-06,0.21332133213321333,8.995951417004049
YASHO,772,2023-08-21,0.006476683937823834,3.125506072874494
MINALIND,34,2026-08-18,0.0,0.13765182186234817
INCREDIBLE,2536,2016-07-01,0.013801261829652996,10.267206477732794
AEGISVOPAK,340,2025-06-02,0.01764705882352941,1.3765182186234817
PERMAGN,35,2026-08-18,0.02857142857142857,0.1417004048582996
ORIENTCER,4935,2006-10-06,0.0032421479229989866,19.979757085020243
SGL,4933,2006-10-06,0.12426515305088182,19.97165991902834
BNALTD,33,2026-08-19,0.3333333333333333,0.13360323886639677
GEOJITFSL,4933,2006-10-06,0.004054327995134806,19.97165991902834
VITAL,963,2022-11-14,0.029075804776739357,3.8987854251012144
GPIL,4937,2006-10-06,0.0024306258861656878,19.987854251012145
SUNDARMFIN,4937,2006-10-06,0.0026331780433461616,19.987854251012145
CRISIL,4934,2006-10-06,0.0022294284556141062,19.975708502024293
AHLEAST,3987,2010-08-11,0.018811136192626036,16.141700404858298
LAKPRE,4933,2006-10-06,0.13663085343604298,19.97165991902834
INDIGO,2696,2015-11-10,0.002225519287833828,10.914979757085021
NGIL,1271,2021-08-20,0.004720692368214005,5.145748987854251
BALUFORGE,610,2024-04-29,0.011475409836065573,2.4696356275303644
EQUIPPP,4814,2007-04-03,0.1377233070211882,19.489878542510123
TCC,150,2026-02-25,0.0,0.6072874493927125
SPMLINFRA,4936,2006-10-06,0.016815235008103727,19.983805668016196
SVGLOBAL,34,2026-08-18,0.0,0.13765182186234817
LANCORHOL,637,2024-03-12,0.006279434850863423,2.5789473684210527
DLINKINDIA,4148,2009-12-18,0.0019286403085824494,16.793522267206477
TIPSMUSIC,4936,2006-10-06,0.01661264181523501,19.983805668016196
THELEELA,337,2025-06-02,0.008902077151335312,1.3643724696356276
VISL,82,2026-06-15,0.036585365853658534,0.3319838056680162
ONWARDTEC,4933,2006-10-06,0.005878775592945469,19.97165991902834
TOUCHWOOD,2173,2017-12-21,0.11366774045098942,8.79757085020243
DECCANCE,4933,2006-10-06,0.07236975471315629,19.97165991902834
SAMBANDAM,29,2026-08-24,0.06896551724137931,0.11740890688259109
POLYPLEX,4936,2006-10-06,0.003646677471636953,19.983805668016196
ACL,3925,2010-11-08,0.05273885350318471,15.890688259109313
MOTISONS,691,2023-12-26,0.010130246020260492,2.7975708502024292
JAGSNPHARM,4936,2006-10-06,0.013573743922204213,19.983805668016196
JUSTDIAL,3294,2013-06-05,0.0024286581663630845,13.336032388663968
SAMHI,754,2023-09-22,0.010610079575596816,3.0526315789473686
GODREJPROP,4140,2010-01-05,0.001932367149758454,16.761133603238868
TVSHLTD,4933,2006-10-06,0.01743361037907967,19.97165991902834
SJVN,4050,2010-05-20,0.0022222222222222222,16.39676113360324
HGM,4933,2006-10-06,0.002027163997567403,19.97165991902834
GTLINFRA,4937,2006-10-06,0.0024306258861656878,19.987854251012145
GLOBALE,526,2024-08-27,0.009505703422053232,2.1295546558704452
RAMRAT,1036,2022-07-29,0.005791505791505791,4.194331983805668
KSCL,4690,2007-10-04,0.002345415778251599,18.987854251012145
TMPV,4937,2006-10-06,0.0024306258861656878,19.987854251012145
TCIFINANCE,4933,2006-10-06,0.10014190147982972,19.97165991902834
GLOBE,2031,2018-07-13,0.34465780403741997,8.222672064777328
BLAL,860,2023-04-19,0.00813953488372093,3.4817813765182186
SYNCOMF,963,2022-11-18,0.007268951194184839,3.8987854251012144
KOTAKBANK,4936,2006-10-06,0.002228525121555916,19.983805668016196
RVTH,515,2024-09-11,0.011650485436893204,2.08502024291498
RCOM,4934,2006-10-06,0.06100526955816782,19.975708502024293
PRESTIGE,3937,2010-10-27,0.002286004572009144,15.93927125506073
INDSWFTLAB,4936,2006-10-06,0.002228525121555916,19.983805668016196
DSSL,4627,2008-01-01,0.12729630430084288,18.732793522267208
IMFA,4003,2010-07-23,0.0022483137646764927,16.206477732793523
MSPL,4935,2006-10-06,0.0026342451874366768,19.979757085020243
APTUS,1271,2021-08-24,0.006294256490952006,5.145748987854251
NATIONALUM,4937,2006-10-06,0.0024306258861656878,19.987854251012145
PML,33,2026-08-19,0.0,0.13360323886639677
SBGLP,902,2023-02-10,0.005543237250554324,3.651821862348178
MMWL,118,2026-04-22,0.025423728813559324,0.4777327935222672
CHEMPLASTS,1269,2021-08-24,0.005516154452324665,5.137651821862348
SEJALLTD,4163,2009-11-30,0.3177996637040596,16.85425101214575
ALICON,4933,2006-10-06,0.0764240827082911,19.97165991902834
ROUTE,1499,2020-09-21,0.004669779853235491,6.068825910931174
DREDGECORP,4935,2006-10-06,0.0022289766970618034,19.979757085020243
PNGSREVA,151,2026-03-04,0.033112582781456956,0.611336032388664
FLFL,3209,2013-10-01,0.023995014023060143,12.991902834008098
UFO,2819,2015-05-14,0.0017736786094359701,11.412955465587045
ITL,34,2026-08-18,0.0,0.13765182186234817
AFFORDABLE,483,2024-10-23,0.006211180124223602,1.9554655870445343
GHCL,4937,2006-10-06,0.0024306258861656878,19.987854251012145
RBA,1441,2020-12-14,0.004857737682165163,5.834008097165992
EIDPARRY,4934,2006-10-06,0.0022294284556141062,19.975708502024293
BEPL,4937,2006-10-06,0.018229694146242658,19.987854251012145
MTNL,4937,2006-10-06,0.0024306258861656878,19.987854251012145
NUVOCO,1271,2021-08-23,0.0055074744295830055,5.145748987854251
APOLLO,2154,2018-01-22,0.0032497678737233053,8.720647773279353
LPDC,4476,2008-08-12,0.03239499553172476,18.12145748987854
KCP,4934,2006-10-06,0.0022294284556141062,19.975708502024293
TEGA,1194,2021-12-13,0.005025125628140704,4.834008097165992
ZEEL,4937,2006-10-06,0.0024306258861656878,19.987854251012145
CIEINDIA,4713,2007-08-30,0.003394865266284744,19.08097165991903
DBEIL,484,2024-10-28,0.012396694214876033,1.959514170040486
KARURVYSYA,4937,2006-10-06,0.0024306258861656878,19.987854251012145
SHERVANI,34,2026-08-19,0.11764705882352941,0.13765182186234817
ELDEHSG,1109,2022-04-12,0.004508566275924256,4.489878542510121
AEQUS,206,2025-12-10,0.024271844660194174,0.8340080971659919
VEEGALAND,13,2026-09-18,0.07692307692307693,0.05263157894736842
PPAP,4619,2008-01-11,0.006278415241394241,18.700404858299596
KAMATHOTEL,4935,2006-10-06,0.00425531914893617,19.979757085020243
AETHER,1076,2022-06-03,0.006505576208178439,4.3562753036437245
NIACL,2203,2017-11-13,0.0031774852473899226,8.919028340080972
JINDALSAW,4936,2006-10-06,0.002228525121555916,19.983805668016196
MPHASIS,4936,2006-10-06,0.002228525121555916,19.983805668016196
RMC,130,2026-04-02,0.023076923076923078,0.5263157894736842
SONAL,35,2026-08-18,0.2857142857142857,0.1417004048582996
PTC,4937,2006-10-06,0.0024306258861656878,19.987854251012145
AXISBANK,4937,2006-10-06,0.0024306258861656878,19.987854251012145
BIOFILCHEM,2273,2017-07-27,0.010558732952045754,9.20242914979757
EICHERMOT,4935,2006-10-06,0.0022289766970618034,19.979757085020243
GYFTR,60,2026-07-10,0.0,0.242914979757085
DELTAMAGNT,4933,2006-10-06,0.308331644030002,19.97165991902834
NEWGEN,2150,2018-01-29,0.0032558139534883722,8.704453441295547
IIFLCAPS,1745,2019-09-20,0.022349570200573064,7.064777327935222
HEXAGON,80,2026-06-12,0.0125,0.32388663967611336
SRIT,1,2026-10-06,0.0,0.004048582995951417
BELRISE,341,2025-05-28,0.01466275659824047,1.3805668016194332
GOACARBON,4773,2007-06-05,0.0027236538864445843,19.323886639676115
CONFIPET,1477,2020-10-23,0.005416384563303994,5.979757085020243
VAKRANGEE,4935,2006-10-06,0.0022289766970618034,19.979757085020243
MEGASTAR,1148,2022-02-16,0.005226480836236934,4.647773279352227
IRCTC,1734,2019-10-14,0.004036908881199538,7.020242914979757
JAGRAN,4935,2006-10-06,0.0026342451874366768,19.979757085020243
DHABRIYA,33,2026-08-18,0.0,0.13360323886639677
AARTISURF,1544,2020-07-14,0.0019430051813471502,6.251012145748988
JAIBALAJI,4936,2006-10-06,0.002633711507293355,19.983805668016196
VARMORA,6,2026-09-29,0.16666666666666666,0.024291497975708502
TIMEX,118,2026-04-23,0.03389830508474576,0.4777327935222672
ZENITHSTL,4797,2007-04-30,0.08380237648530331,19.42105263157895
STYRENIX,4936,2006-10-06,0.007293354943273906,19.983805668016196
WEL,1765,2019-08-22,0.23342776203966006,7.145748987854251
ARKADE,506,2024-09-24,0.009881422924901186,2.048582995951417
GPTINFRA,2532,2016-07-11,0.0019747235387045812,10.251012145748987
XELPMOC,1896,2019-02-04,0.002109704641350211,7.676113360323886
CHOLAFIN,4935,2006-10-06,0.0024316109422492403,19.979757085020243
ICIL,4935,2006-10-06,0.033029381965552176,19.979757085020243
SGIL,1285,2021-07-28,0.0031128404669260703,5.202429149797571
INGERRAND,4937,2006-10-06,0.0024306258861656878,19.987854251012145
MONEYVIEW,4,2026-10-01,0.25,0.016194331983805668
GLAND,1454,2020-11-20,0.0041265474552957355,5.886639676113361
KOTHARIPRO,4935,2006-10-06,0.0032421479229989866,19.979757085020243
THEINVEST,2269,2017-08-03,0.0022036139268400176,9.186234817813766
LAGNAM,1977,2018-10-04,0.165402124430956,8.004048582995951
KCPSUGIND,4934,2006-10-06,0.002026753141467369,19.975708502024293
CONCOR,4935,2006-10-06,0.0022289766970618034,19.979757085020243
EXCELSOFT,218,2025-11-26,0.027522935779816515,0.8825910931174089
RAJPALAYAM,122,2026-04-15,0.040983606557377046,0.4939271255060729
GANESHCP,253,2025-09-29,0.011857707509881422,1.0242914979757085
GMRAIRPORT,4935,2006-10-06,0.004660587639311043,19.979757085020243
NARMADA,2083,2018-05-04,0.3816610657705233,8.433198380566802
MCLOUD,413,2025-02-07,0.014527845036319613,1.6720647773279351
BAJAJINDEF,401,2025-02-21,0.012468827930174564,1.6234817813765183
VCL,1107,2022-04-19,0.06052393857271906,4.481781376518219
AFIL,567,2024-06-26,0.007054673721340388,2.2955465587044532
SHAH,3931,2010-10-27,0.0027982701602645636,15.914979757085021
UNIDT,1493,2020-09-25,0.003348961821835231,6.044534412955466
ALANKIT,2784,2015-06-30,0.0014367816091954023,11.271255060728745
SRHHYPOLTD,4794,2007-05-08,0.03796412181894034,19.408906882591094
KABRAEXTRU,4935,2006-10-06,0.00729483282674772,19.979757085020243
COMSYN,670,2024-01-23,0.007462686567164179,2.7125506072874495
SUNDARAM,4038,2010-06-02,0.001733531451213472,16.34817813765182
MIDWESTLTD,238,2025-10-24,0.01680672268907563,0.9635627530364372
FDC,4936,2006-10-06,0.0024311183144246355,19.983805668016196
INVPRECQ,34,2026-08-18,0.0,0.13765182186234817
AKSHOPTFBR,4933,2006-10-06,0.002027163997567403,19.97165991902834
SUNSHIEL,35,2026-08-18,0.02857142857142857,0.1417004048582996
MCL,2366,2017-03-15,0.09763313609467456,9.578947368421053
HARRMALAYA,4935,2006-10-06,0.0024316109422492403,19.979757085020243
SILGO,1962,2018-10-29,0.2655453618756371,7.94331983805668
CALSOFT,4934,2006-10-06,0.1449128496149169,19.975708502024293
CRIZAC,311,2025-07-09,0.01607717041800643,1.2591093117408907
HDFCBANK,4937,2006-10-06,0.0024306258861656878,19.987854251012145
MMP,2086,2018-04-26,0.08485139022051774,8.445344129554655
NOCIL,4936,2006-10-06,0.002228525121555916,19.983805668016196
CAMPUS,1095,2022-05-09,0.006392694063926941,4.433198380566802
TIJARIA,3694,2011-10-14,0.047644829453167295,14.955465587044534
AMAL,33,2026-08-18,0.0,0.13360323886639677
APOLLOTYRE,4937,2006-10-06,0.0024306258861656878,19.987854251012145
MANAKSTEEL,2847,2015-03-30,0.0017562346329469617,11.526315789473685
DSFCL,158,2026-02-17,0.0189873417721519,0.6396761133603239
CREST,4878,2006-12-27,0.04100041000410004,19.748987854251013
5PAISA,2199,2017-11-16,0.002728512960436562,8.902834008097166
PDSL,2953,2014-10-21,0.0030477480528276328,11.955465587044534
MACPOWER,2111,2018-03-22,0.06631927996210327,8.54655870445344
COCKERILL,120,2026-04-22,0.041666666666666664,0.48582995951417
EXICOM,642,2024-03-05,0.009345794392523364,2.5991902834008096
AUGMONT,27,2026-08-31,0.07407407407407407,0.10931174089068826
SHANTIGOLD,296,2025-08-01,0.02027027027027027,1.1983805668016194
ALKALI,4418,2008-11-06,0.002489814395654142,17.88663967611336
LANCER,281,2022-05-10,0.014234875444839857,1.1376518218623481
NORBTEAEXP,4933,2006-10-06,0.1739306709912832,19.97165991902834
ZFSTEERING,119,2026-04-21,0.025210084033613446,0.4817813765182186
MARALOVER,4933,2006-10-06,0.007297790391242651,19.97165991902834
WOCKPHARMA,4937,2006-10-06,0.0024306258861656878,19.987854251012145
TRANSCOR,34,2026-08-18,0.0,0.13765182186234817
PINELABS,226,2025-11-14,0.02654867256637168,0.9149797570850202
IL&FSTRANS,4081,2010-03-30,0.0022053418279833373,16.522267206477732
IVALUE,257,2025-09-25,0.01556420233463035,1.040485829959514
HAVISHA,2096,2018-04-13,0.02433206106870229,8.48582995951417
LENSKART,230,2025-11-10,0.02608695652173913,0.9311740890688259
NPST,1251,2021-09-16,0.11910471622701839,5.064777327935222
ODIGMA,452,2024-12-12,0.008849557522123894,1.8299595141700404
SITINET,4871,2007-01-10,0.015807842332169985,19.720647773279353
REGENCERAM,4932,2006-10-06,0.28609083536090835,19.967611336032387
JKPAPER,4935,2006-10-06,0.0022289766970618034,19.979757085020243
JUBLPHARMA,4935,2006-10-06,0.0022289766970618034,19.979757085020243
AGIIL,556,2024-07-15,0.01079136690647482,2.251012145748988
VAIBHAVGBL,4935,2006-10-06,0.0024316109422492403,19.979757085020243
KRISHIVAL,1107,2022-04-18,0.2682926829268293,4.481781376518219
AMBER,2147,2018-01-30,0.0027945971122496508,8.692307692307692
GREAVESCOT,4935,2006-10-06,0.0024316109422492403,19.979757085020243
ARSSBL,254,2025-09-30,0.01968503937007874,1.0283400809716599
RETAIL,567,2024-06-26,0.007054673721340388,2.2955465587044532
FAZE3Q,960,2022-11-18,0.005208333333333333,3.88663967611336
SIGNPOST,654,2024-02-14,0.0045871559633027525,2.6477732793522266
NEOGEN,1840,2019-05-08,0.0038043478260869567,7.449392712550607
JINDALPOLY,4936,2006-10-06,0.0024311183144246355,19.983805668016196
FABTECH,249,2025-10-07,0.01606425702811245,1.008097165991903
EMMVEE,224,2025-11-18,0.026785714285714284,0.9068825910931174
GNA,2481,2016-09-26,0.0024183796856106408,10.044534412955466
BOMDYEING,4937,2006-10-06,0.0024306258861656878,19.987854251012145
MVGJL,745,2023-10-03,0.006711409395973154,3.016194331983806
DCBBANK,4922,2006-10-27,0.0022348638764729785,19.927125506072876
JINDALSTEL,4937,2006-10-06,0.0024306258861656878,19.987854251012145
VISAKAIND,4935,2006-10-06,0.0022289766970618034,19.979757085020243
VENKEYS,4935,2006-10-06,0.0024316109422492403,19.979757085020243
UNIMECH,442,2024-12-31,0.013574660633484163,1.7894736842105263
BAGFILMS,4935,2006-10-06,0.012968591691995946,19.979757085020243
MARSONS,144,2026-03-13,0.034722222222222224,0.582995951417004
PKTEA,4018,2010-06-30,0.1918865107018417,16.267206477732792
AQYLON,4934,2006-10-06,0.09728415079043372,19.975708502024293
MUNJALAU,4936,2006-10-06,0.0042544570502431114,19.983805668016196
ANTELOPUS,4937,2006-10-06,0.0024306258861656878,19.987854251012145
MODIRUBBER,2049,2018-06-20,0.07759882869692533,8.295546558704453
BIRLAPREC,33,2026-08-18,0.0,0.13360323886639677
PENINLAND,4937,2006-10-06,0.0026331780433461616,19.987854251012145
AGARWALEYE,412,2025-02-04,0.007281553398058253,1.6680161943319838
SAGCEM,4858,2007-01-29,0.017908604363935775,19.668016194331983
GENUSPAPER,2873,2015-02-16,0.0010442046641141664,11.631578947368421
TRACXN,982,2022-10-20,0.007128309572301426,3.9757085020242915
ADANIENT,4937,2006-10-06,0.0024306258861656878,19.987854251012145
ABDL,564,2024-07-02,0.008865248226950355,2.283400809716599
KILITCH,3954,2010-09-29,0.0032878098128477492,16.008097165991902
PWL,224,2025-11-18,0.026785714285714284,0.9068825910931174
SURAJLTD,524,2024-08-29,0.013358778625954198,2.1214574898785425
PANACHE,2333,2017-04-28,0.15602228889841405,9.445344129554655
NKIND,2598,2016-03-31,0.10816012317167052,10.518218623481781
BALAJITELE,4936,2006-10-06,0.002228525121555916,19.983805668016196
DCAL,4935,2006-10-06,0.018439716312056736,19.979757085020243
HEROMOTOCO,4935,2006-10-06,0.0022289766970618034,19.979757085020243
TREJHARA,1922,2018-12-28,0.0036420395421436005,7.781376518218623
GULFPETRO,4934,2006-10-06,0.010133765707336847,19.975708502024293
SHIVAUM,1724,2019-10-17,0.7998839907192575,6.979757085020243
MALUPAPER,4934,2006-10-06,0.06181597081475476,19.975708502024293
BIKAJI,963,2022-11-16,0.006230529595015576,3.8987854251012144
AARTIDRUGS,4935,2006-10-06,0.0024316109422492403,19.979757085020243
TERASOFT,2416,2016-12-29,0.0016556291390728477,9.781376518218623
KMSUGAR,4630,2008-01-01,0.1041036717062635,18.74493927125506
BIRLACABLE,4936,2006-10-06,0.011142625607779578,19.983805668016196
SWISSMLTRY,34,2026-08-18,0.0,0.13765182186234817
WORTHPERI,2229,2017-09-27,0.09510991475998205,9.024291497975709
FINEORG,2042,2018-07-02,0.002448579823702253,8.267206477732794
UPL,4937,2006-10-06,0.0024306258861656878,19.987854251012145
CYIENTDLM,806,2023-07-10,0.009925558312655087,3.263157894736842
TATAINVEST,4936,2006-10-06,0.002228525121555916,19.983805668016196
AWFIS,587,2024-05-30,0.010221465076660987,2.376518218623482
CHEMFAB,2087,2018-04-25,0.0014374700527072352,8.449392712550607
KEEPLEARN,1369,2021-03-25,0.1446311176040906,5.5425101214574894
TTKPRESTIG,4936,2006-10-06,0.0032414910858995136,19.983805668016196
KALYANI,317,2025-07-02,0.9873817034700315,1.2834008097165992
CAMS,1489,2020-10-05,0.0047011417058428475,6.02834008097166
STARPAPER,4936,2006-10-06,0.032212317666126415,19.983805668016196
ERIS,2291,2017-06-30,0.001745962461807071,9.275303643724696
RPPINFRA,3908,2010-12-06,0.0020470829068577278,15.821862348178138
CSLFINANCE,1040,2022-07-21,0.004807692307692308,4.2105263157894735
CANBK,4937,2006-10-06,0.0024306258861656878,19.987854251012145
GEECEE,4933,2006-10-06,0.01966349077640381,19.97165991902834
TASTYBITE,2360,2017-03-23,0.00211864406779661,9.554655870445345
SATIA,1788,2019-07-17,0.002796420581655481,7.238866396761134
BAJAJHCARE,1206,2021-11-25,0.005804311774461028,4.882591093117409
HARDWYN,1110,2022-04-12,0.005405405405405406,4.493927125506073
ARROWGREEN,2813,2015-05-21,0.0017774617845716318,11.388663967611336
FACT,4935,2006-10-06,0.0022289766970618034,19.979757085020243
GERMAN,2,2026-10-05,0.0,0.008097165991902834
RBZJEWEL,688,2023-12-27,0.007267441860465116,2.785425101214575
BERGEPAINT,4935,2006-10-06,0.0022289766970618034,19.979757085020243
MAMATA,443,2024-12-27,0.011286681715575621,1.7935222672064777
IRIS,1217,2021-11-08,0.003286770747740345,4.9271255060728745
TINNARUBR,367,2025-04-17,0.008174386920980926,1.48582995951417
FILATEX,3725,2011-08-29,0.05046979865771812,15.080971659919028
AURIONPRO,4935,2006-10-06,0.047821681864235056,19.979757085020243
KNACK,65,2026-07-08,0.03076923076923077,0.2631578947368421
INNOVISION,137,2026-03-23,0.029197080291970802,0.5546558704453441
EXIDEIND,4937,2006-10-06,0.0024306258861656878,19.987854251012145
MCX,3600,2012-03-09,0.0025,14.574898785425102
AARNAV,150,2026-02-25,0.0,0.6072874493927125
CHEMCRUX,33,2026-08-18,0.0,0.13360323886639677
GOKULAGRO,2612,2016-03-14,0.002679938744257274,10.574898785425102
MONTECARLO,2915,2014-12-19,0.0017152658662092624,11.80161943319838
SJS,1214,2021-11-15,0.005766062602965404,4.91497975708502
ATAM,846,2023-05-10,0.0070921985815602835,3.425101214574899
SANDHAR,2109,2018-04-02,0.003319108582266477,8.538461538461538
EMKAY,4933,2006-10-06,0.01864990877762011,19.97165991902834
SKYWAYS,25,2026-09-01,0.04,0.10121457489878542
ACCURACY,2035,2018-07-06,0.09484029484029484,8.238866396761134
FORTIS,4795,2007-05-09,0.002711157455683003,19.412955465587043
MPSLTD,4934,2006-10-06,0.0038508309687880016,19.975708502024293
ASSAMENT,33,2026-08-18,0.42424242424242425,0.13360323886639677
OFSS,4937,2006-10-06,0.0024306258861656878,19.987854251012145
MOL,1274,2021-08-18,0.006279434850863423,5.157894736842105
RAMKY,3947,2010-10-08,0.0015201418799087915,15.979757085020243
HDBFS,316,2025-07-02,0.015822784810126583,1.2793522267206479
FCSSOFT,4937,2006-10-06,0.02612922827628114,19.987854251012145
ONMOBILE,4595,2008-02-19,0.002393906420021763,18.60323886639676
ELEVATE,5,2026-09-30,0.2,0.020242914979757085
SIRCA,2058,2018-06-13,0.017006802721088437,8.331983805668017
KIOCL,2439,2016-11-30,0.04059040590405904,9.874493927125506
AGRITECH,3129,2014-01-28,0.03483541067433685,12.668016194331983
CIPLA,4937,2006-10-06,0.0024306258861656878,19.987854251012145
ATLASCYCLE,4932,2006-10-06,0.19464720194647203,19.967611336032387
PALASHSECU,2271,2017-07-31,0.013650374284456186,9.194331983805668
FILATFASH,603,2024-05-06,0.009950248756218905,2.4412955465587043
TVSSCS,774,2023-08-23,0.00904392764857881,3.133603238866397
GKSL,192,2025-12-30,0.020833333333333332,0.7773279352226721
MUFIN,725,2023-11-06,0.011034482758620689,2.935222672064777
PATELRMART,279,2025-08-26,0.017921146953405017,1.1295546558704452
SESHAPAPER,4934,2006-10-06,0.011552492906364006,19.975708502024293
VIMTALABS,4936,2006-10-06,0.002633711507293355,19.983805668016196
WEWIN,2036,2018-07-06,0.33840864440078583,8.242914979757085
OSWALGREEN,4936,2006-10-06,0.0024311183144246355,19.983805668016196
TRITURBINE,3688,2011-10-28,0.0021691973969631237,14.931174089068826
BANARISUG,4935,2006-10-06,0.011347517730496455,19.979757085020243
MANUGRAPH,4934,2006-10-06,0.01053911633563032,19.975708502024293
ACC,4935,2006-10-06,0.0022289766970618034,19.979757085020243
UGROCAP,1276,2021-08-11,0.003918495297805642,5.165991902834008
KANORICHEM,4936,2006-10-06,0.003646677471636953,19.983805668016196
DREAMFOLKS,1013,2022-09-06,0.006910167818361303,4.101214574898785
SHARDAMOTR,2738,2015-09-03,0.00620891161431702,11.085020242914979
MICEL,4778,2007-05-30,0.05776475512766848,19.344129554655872
ZIMLAB,956,2022-11-25,0.005230125523012552,3.8704453441295548
ARYAMAN,33,2026-08-18,0.0,0.13360323886639677
MAYURUNIQ,3461,2012-09-25,0.0017336030049118752,14.012145748987853
ORIENTHOT,4936,2006-10-06,0.004051863857374392,19.983805668016196
360ONE,1748,2019-09-19,0.004004576659038902,7.076923076923077
ENTERO,652,2024-02-16,0.006134969325153374,2.639676113360324
AARON,1987,2018-09-18,0.05435329642677403,8.044534412955466
DEVIT,2274,2017-07-27,0.22823218997361477,9.206477732793521
YATHARTH,786,2023-08-07,0.010178117048346057,3.182186234817814
JGCHEM,638,2024-03-13,0.009404388714733543,2.582995951417004
TEXRAIL,4938,2006-10-06,0.0036452004860267314,19.991902834008098
GANGAFORGE,2025,2018-07-25,0.21185185185185185,8.19838056680162
STOVEKRAFT,1403,2021-02-08,0.004989308624376337,5.680161943319838
ELGIEQUIP,4937,2006-10-06,0.0026331780433461616,19.987854251012145
ACSTECH,33,2026-08-18,0.0,0.13360323886639677
GMBREW,4935,2006-10-06,0.00303951367781155,19.979757085020243
SUNCLAY,685,2023-12-29,0.008759124087591242,2.7732793522267207
UDAYJEW,34,2026-08-18,0.0,0.13765182186234817
ASTRAMICRO,4937,2006-10-06,0.0024306258861656878,19.987854251012145
USHAMART,4937,2006-10-06,0.0024306258861656878,19.987854251012145
INDIAGLYCO,4936,2006-10-06,0.002228525121555916,19.983805668016196
PIXTRANS,1100,2022-04-28,0.004545454545454545,4.4534412955465585
PARKHOTELS,659,2024-02-12,0.009104704097116844,2.668016194331984
SPIC,4936,2006-10-06,0.0024311183144246355,19.983805668016196
HRYNSHP,33,2026-08-18,0.0,0.13360323886639677
ARMANFIN,2550,2016-06-14,0.00196078431372549,10.323886639676113
SWANDEF,4193,2009-10-09,0.14404960648700216,16.975708502024293
HERANBA,1382,2021-03-05,0.004341534008683068,5.5951417004048585
SANDUMA,763,2023-09-07,0.009174311926605505,3.0890688259109313
SAKHTISUG,4935,2006-10-06,0.0022289766970618034,19.979757085020243
BSL,4932,2006-10-06,0.009732360097323601,19.967611336032387
BAJAJ-AUTO,4935,2006-10-06,0.012360688956433637,19.979757085020243
HATSUN,3036,2014-06-20,0.00230566534914361,12.291497975708502
KDGREEN,34,2026-08-18,0.0,0.13765182186234817
KTKBANK,4937,2006-10-06,0.0024306258861656878,19.987854251012145
SEIL,35,2026-08-18,0.02857142857142857,0.1417004048582996
SUMIT,1983,2018-09-26,0.04891578416540595,8.02834008097166
ABANSENT,34,2026-08-18,0.029411764705882353,0.13765182186234817
NECCLTD,2618,2016-03-02,0.002291825821237586,10.59919028340081
PONNIERODE,4933,2006-10-06,0.026353131968376242,19.97165991902834
ROLEXRINGS,1280,2021-08-09,0.00546875,5.182186234817814
ITC,4937,2006-10-06,0.002228073728985214,19.987854251012145
MARKOLINES,243,2025-10-14,0.00823045267489712,0.9838056680161943
THANGAMAYL,4109,2010-02-19,0.0034071550255536627,16.635627530364374
UEL,3691,2011-10-20,0.10999729070712544,14.94331983805668
NTPCGREEN,466,2024-11-27,0.015021459227467811,1.8866396761133604
IFCI,4937,2006-10-06,0.0024306258861656878,19.987854251012145
CMLL,51,2026-07-24,0.0196078431372549,0.20647773279352227
SCODATUBES,337,2025-06-04,0.01483679525222552,1.3643724696356276
RUSTOMJEE,957,2022-11-24,0.00522466039707419,3.874493927125506
AKASH,2362,2017-03-15,0.1418289585097375,9.562753036437247
IDFCFIRSTB,2699,2015-11-06,0.004816598740274175,10.927125506072874
VIDYAWIRES,208,2025-12-10,0.028846153846153848,0.8421052631578947
AEGISLOG,4935,2006-10-06,0.0024316109422492403,19.979757085020243
ORCHPHARMA,4936,2006-10-06,0.06645056726094004,19.983805668016196
CCCL,4677,2007-10-15,0.16100064143681847,18.93522267206478
VEEDOL,4868,2007-01-16,0.0045193097781429745,19.708502024291498
SHIPROCKET,35,2026-08-19,0.05714285714285714,0.1417004048582996
MATRIMONY,2235,2017-09-21,0.0017897091722595079,9.048582995951417
DHRUV,1204,2021-11-25,0.006644518272425249,4.874493927125506
GTL,4934,2006-10-06,0.012363194162950952,19.975708502024293
A2ZINFRA,3897,2010-12-23,0.0023094688221709007,15.777327935222672
MAHSEAMLES,4937,2006-10-06,0.0024306258861656878,19.987854251012145
CONCORDBIO,778,2023-08-18,0.010282776349614395,3.1497975708502026
ASTERDM,2129,2018-02-26,0.0028182245185533112,8.619433198380566
RHIM,3597,2012-03-12,0.0027800945232137894,14.562753036437247
ZENSARTECH,4937,2006-10-06,0.0024306258861656878,19.987854251012145
S&SPOWER,1614,2020-03-30,0.12391573729863693,6.534412955465587
TITAGARH,4557,2008-04-21,0.0028527540048277375,18.44939271255061
SANDESH,4935,2006-10-06,0.030800405268490375,19.979757085020243
GLAXO,4935,2006-10-06,0.0024316109422492403,19.979757085020243
MOLBIO,36,2026-08-17,0.027777777777777776,0.145748987854251
MAPMYINDIA,1189,2021-12-21,0.005887300252312868,4.813765182186235
KAMDHENU,4935,2006-10-06,0.0034447821681864235,19.979757085020243
ARCHIES,4932,2006-10-06,0.005068937550689375,19.967611336032387
GAJA,30,2026-08-26,0.06666666666666667,0.1214574898785425
BANKINDIA,4937,2006-10-06,0.0024306258861656878,19.987854251012145
POWERMECH,2746,2015-08-26,0.0021849963583394027,11.117408906882591
NDL,4936,2006-10-06,0.006482982171799027,19.983805668016196
TIIL,4850,2007-02-12,0.010721649484536083,19.635627530364374
BLACKBUCK,466,2024-11-22,0.012875536480686695,1.8866396761133604
KAJARIACER,4935,2006-10-06,0.0022289766970618034,19.979757085020243
BHARATWIRE,2600,2016-04-01,0.002307692307692308,10.526315789473685
CFEL,33,2026-08-19,0.030303030303030304,0.13360323886639677
ALIVUS,1281,2021-08-06,0.00624512099921936,5.186234817813765
POLYCAB,1852,2019-04-16,0.0064794816414686825,7.497975708502024
NEPHROPLUS,201,2025-12-17,0.01990049751243781,0.8137651821862348
VIRINCHI,851,2023-05-03,0.007050528789659225,3.445344129554656
PURVA,4713,2007-08-30,0.0021217907914279654,19.08097165991903
PNGJL,513,2024-09-17,0.011695906432748537,2.076923076923077
63MOONS,4935,2006-10-06,0.0024316109422492403,19.979757085020243
AMBIKCO,4608,2008-01-29,0.018012152777777776,18.655870445344128
HLVLTD,4934,2006-10-06,0.002026753141467369,19.975708502024293
HBSL,4932,2006-10-06,0.07583130575831305,19.967611336032387
FORCEMOT,1727,2019-08-19,0.0225825130283729,6.991902834008097
COSMOFIRST,4934,2006-10-06,0.004864207539521687,19.975708502024293
VINDHYATEL,4937,2006-10-06,0.04638444399432854,19.987854251012145
WATERBASE,1106,2019-08-19,0.029837251356238697,4.477732793522267
HARSHA,997,2022-09-26,0.006018054162487462,4.036437246963563
INDOBORAX,1121,2022-03-29,0.0053523639607493305,4.538461538461538
SIGMA,1461,2020-11-12,0.15879534565366188,5.91497975708502
WSTCSTPAPR,4935,2006-10-06,0.0022289766970618034,19.979757085020243
UTIAMC,1485,2020-10-13,0.0053872053872053875,6.012145748987854
CGCL,3933,2010-10-29,0.017543859649122806,15.923076923076923
AVANTIFEED,4138,2010-01-08,0.029966167230546157,16.753036437246962
GANESHBE,1251,2021-09-16,0.003996802557953637,5.064777327935222
SUZLON,4937,2006-10-06,0.0024306258861656878,19.987854251012145
SAPPHIRE,1211,2021-11-18,0.005780346820809248,4.902834008097166
SAIL,4937,2006-10-06,0.0024306258861656878,19.987854251012145
UNICHEMLAB,4936,2006-10-06,0.0034440842787682334,19.983805668016196
SCPL,958,2022-11-22,0.0041753653444676405,3.8785425101214575
IGPL,4858,2007-01-29,0.004734458624948539,19.668016194331983
GODFRYPHLP,4935,2006-10-06,0.0028368794326241137,19.979757085020243
AHLUCONT,4153,2009-12-14,0.48350589934986754,16.813765182186234
SHRADHA,2178,2017-12-11,0.22589531680440772,8.817813765182187
PFOCUS,4936,2006-10-06,0.0024311183144246355,19.983805668016196
JINDRILL,4936,2006-10-06,0.013168557536466775,19.983805668016196
PNCINFRA,2812,2015-05-26,0.0021337126600284497,11.384615384615385
JLHL,756,2023-09-18,0.009259259259259259,3.0607287449392713
ALOKINDS,4935,2006-10-06,0.004863221884498481,19.979757085020243
FSL,4843,2007-02-22,0.11129465207516002,19.60728744939271
AVANTEL,546,2024-07-31,0.01282051282051282,2.210526315789474
FMNL,3888,2010-12-31,0.016203703703703703,15.740890688259109
XPROINDIA,4936,2006-10-06,0.0028363047001620746,19.983805668016196
ATALREAL,1454,2020-11-19,0.1265474552957359,5.886639676113361
KEYFINSERV,4933,2006-10-06,0.4313804986823434,19.97165991902834
ZODIAC,1751,2017-12-05,0.0,7.089068825910931
CONSOFINVT,4931,2006-10-06,0.012979111742040155,19.963562753036438
DIAMINESQ,747,2023-09-25,0.006693440428380187,3.0242914979757085
TATACOMM,4936,2006-10-06,0.002228525121555916,19.983805668016196
DIACABS,3955,2010-09-29,0.11833122629582807,16.012145748987855
TATAPOWER,4937,2006-10-06,0.0026331780433461616,19.987854251012145
MADRASFERT,4933,2006-10-06,0.0018244475978106628,19.97165991902834
BHAGYANGR,4935,2006-10-06,0.018642350557244173,19.979757085020243
JSWHL,4935,2006-10-06,0.0022289766970618034,19.979757085020243
SHIVAMAUTO,4904,2006-11-21,0.02936378466557912,19.85425101214575
SOLARINDS,4935,2006-10-06,0.0026342451874366768,19.979757085020243
GICHSGFIN,4934,2006-10-06,0.004661532225374949,19.975708502024293
SURYODAY,1369,2021-03-26,0.004382761139517896,5.5425101214574894
VSTTILLERS,3776,2011-06-20,0.0026483050847457626,15.287449392712551
LIKHITHA,1481,2020-10-15,0.004051316677920324,5.995951417004049
HORIZONIND,30,2026-08-24,0.03333333333333333,0.1214574898785425
WINDLAS,1275,2021-08-16,0.005490196078431373,5.161943319838056
REFEX,4161,2009-12-03,0.040134583032924775,16.846153846153847
NDRAUTO,1535,2020-07-30,0.006514657980456026,6.2145748987854255
DAMCAPITAL,443,2024-12-27,0.013544018058690745,1.7935222672064777
TCI,4935,2006-10-06,0.0022289766970618034,19.979757085020243
EMAMILTD,4935,2006-10-06,0.005065856129685917,19.979757085020243
ASIANHOTNR,4933,2006-10-06,0.01236570038516116,19.97165991902834
SAYAJIHOTL,124,2026-04-13,0.22580645161290322,0.5020242914979757
ELECON,4935,2006-10-06,0.0022289766970618034,19.979757085020243
POCL,3952,2010-10-01,0.5123987854251012,16.0
RADHIKAJWE,1044,2022-07-18,0.004789272030651341,4.22672064777328
SWARNSAR,34,2026-08-18,0.0,0.13765182186234817
TBZ,3559,2012-05-09,0.00224782242202866,14.408906882591094
HINDZINC,4937,2006-10-06,0.008507190601579907,19.987854251012145
PPLPHARMA,984,2022-10-19,0.008130081300813009,3.983805668016194
SUPREMEENG,1985,2018-09-24,0.1783375314861461,8.036437246963562
IXIGO,576,2024-06-18,0.010416666666666666,2.331983805668016
SIL,4934,2006-10-06,0.022699635184434536,19.975708502024293
AARVI,2223,2017-10-06,0.13990103463787673,9.0
MANORG,1220,2021-11-02,0.004098360655737705,4.939271255060729
SMCGLOBAL,1389,2021-02-24,0.003599712023038157,5.623481781376518
AKUMS,540,2024-08-06,0.009259259259259259,2.1862348178137654
SERVOTECH,2257,2017-08-24,0.256978289765175,9.137651821862349
ENKEIWHEL,33,2026-08-18,0.0,0.13360323886639677
TMB,1006,2022-09-15,0.006958250497017893,4.0728744939271255
MBEL,292,2025-08-06,0.017123287671232876,1.1821862348178138
AVG,2087,2018-04-25,0.3224724484906564,8.449392712550607
ATUL,4937,2006-10-06,0.0024306258861656878,19.987854251012145
SUNFLAG,4937,2006-10-06,0.0024306258861656878,19.987854251012145
AVADHSUGAR,2271,2017-08-02,0.002642007926023778,9.194331983805668
GATECHDVR,2220,2017-10-10,0.010810810810810811,8.987854251012147
IRMENERGY,732,2023-10-26,0.01092896174863388,2.9635627530364372
APOLLOPIPE,1713,2019-11-11,0.0035026269702276708,6.935222672064778
GKENERGY,257,2025-09-26,0.019455252918287938,1.040485829959514
AGSTRA,1158,2022-01-31,0.0535405872193437,4.6882591093117405
ABB,4935,2006-10-06,0.0022289766970618034,19.979757085020243
KOKUYOCMLN,4487,2008-07-28,0.0024515266324938714,18.16599190283401
NAVKARCORP,2736,2015-09-09,0.0021929824561403508,11.076923076923077
ABSLAMC,1238,2021-10-11,0.006462035541195477,5.012145748987854
MANINFRA,4095,2010-03-11,0.0017094017094017094,16.57894736842105
ENRIN,327,2025-06-19,0.01834862385321101,1.3238866396761133
NIRAJ,1490,2020-10-01,0.004026845637583893,6.032388663967612
GALLANTT,4934,2006-10-06,0.02188893392784759,19.975708502024293
UNIONBANK,4937,2006-10-06,0.0024306258861656878,19.987854251012145
SRF,4936,2006-10-06,0.002228525121555916,19.983805668016196
VARDMNPOLY,4936,2006-10-06,0.01094003241491086,19.983805668016196
GMRP&UI,1127,2022-03-23,0.008873114463176575,4.562753036437247
BHAGERIA,2617,2016-03-02,0.0015284677111196026,10.595141700404858
VIDHIING,2617,2016-03-02,0.0011463507833397019,10.595141700404858
JUBLINGREA,1375,2021-03-19,0.005090909090909091,5.566801619433198
TATACONSUM,4937,2006-10-06,0.0024306258861656878,19.987854251012145
PAR,1821,2019-05-30,0.11312465678198792,7.372469635627531
NATCAPSUQ,406,2025-02-14,0.009852216748768473,1.6437246963562753
CARBORUNIV,4934,2006-10-06,0.0022294284556141062,19.975708502024293
DHATRE,34,2026-08-18,0.029411764705882353,0.13765182186234817
PATELENG,4937,2006-10-06,0.0024306258861656878,19.987854251012145
MSTCLTD,1862,2019-04-01,0.00322234156820623,7.538461538461538
KOPRAN,4936,2006-10-06,0.0034440842787682334,19.983805668016196
DIGIDRIVE,678,2024-01-10,0.011799410029498525,2.7449392712550607
JUNIPER,647,2024-02-28,0.00927357032457496,2.619433198380567
ALEMBICLTD,4939,2006-10-06,0.0038469325774448267,19.995951417004047
KALYANKJIL,1371,2021-03-26,0.005835156819839533,5.550607287449393
AURUS,3189,2013-11-05,0.0021950454687989967,12.910931174089068
WHBRADY,35,2026-08-18,0.11428571428571428,0.1417004048582996
ICRA,4807,2007-04-13,0.0018722696068233825,19.46153846153846
AAVAS,1978,2018-10-08,0.003033367037411527,8.008097165991902
RVNL,1855,2019-04-11,0.0037735849056603774,7.510121457489879
ROSSARI,1542,2020-07-23,0.004539559014267186,6.242914979757085
GAIL,4937,2006-10-06,0.0024306258861656878,19.987854251012145
SAIPARENT,130,2026-04-02,0.023076923076923078,0.5263157894736842
RELIGARE,4656,2007-11-21,0.002147766323024055,18.850202429149796
LIBAS,2365,2017-03-15,0.1010570824524313,9.574898785425102
SOLARWORLD,255,2025-09-30,0.0196078431372549,1.0323886639676114
KALAMANDIR,750,2023-09-27,0.009333333333333334,3.0364372469635628
TVSMOTOR,4937,2006-10-06,0.0024306258861656878,19.987854251012145
MEDIASSIST,672,2024-01-23,0.008928571428571428,2.720647773279352
NUVAMA,751,2023-09-26,0.009320905459387484,3.0404858299595143
CLEDUCATE,2350,2017-04-03,0.001276595744680851,9.51417004048583
ANURAS,1372,2021-03-24,0.00510204081632653,5.554655870445344
IRCON,1984,2018-09-28,0.0030241935483870967,8.03238866396761
AGARIND,3052,2014-05-26,0.0022935779816513763,12.356275303643725
MASKINVEST,2466,2016-10-14,0.39253852392538524,9.983805668016194
KAMANWALA,34,2026-08-18,0.029411764705882353,0.13765182186234817
THERMAX,4936,2006-10-06,0.002228525121555916,19.983805668016196
SHYAMTEL,4932,2006-10-06,0.14274128142741282,19.967611336032387
JSFB,657,2024-02-14,0.0091324200913242,2.659919028340081
SBCL,1310,2021-06-24,0.004580152671755725,5.303643724696356
QUINT,34,2026-08-18,0.0,0.13765182186234817
NAHARPOLY,4934,2006-10-06,0.032833400891771385,19.975708502024293
KNRCON,4597,2008-02-18,0.009571459647596259,18.611336032388664
DUCON,3452,2012-10-09,0.05504055619930475,13.975708502024291
MAGNUM,4697,2007-09-20,0.045135192676176286,19.016194331983804
RADAAN,4933,2006-10-06,0.13561727143725927,19.97165991902834
J&KBANK,4936,2006-10-06,0.1343192868719611,19.983805668016196
KOTHARIPET,4933,2006-10-06,0.05007095073991486,19.97165991902834
HITECHCORP,4632,2007-12-20,0.04231433506044905,18.753036437246962
TREL,780,2023-08-10,0.00641025641025641,3.1578947368421053
HBESD,33,2026-08-18,0.0,0.13360323886639677
FRONTSP,36,2026-08-18,0.05555555555555555,0.145748987854251
SADBHAV,4934,2006-10-06,0.0018240778273206323,19.975708502024293
SHALPAINTS,4585,2008-03-03,0.03707742639040349,18.562753036437247
ASKAUTOLTD,717,2023-11-15,0.009762900976290097,2.902834008097166
SKFINDIA,4937,2006-10-06,0.005874012558233745,19.987854251012145
HINDALUMI,34,2026-08-18,0.029411764705882353,0.13765182186234817
KRSNAA,1275,2021-08-16,0.005490196078431373,5.161943319838056
MINDTECK,2518,2016-08-02,0.0027799841143764893,10.194331983805668
SOMANYCERA,4935,2006-10-06,0.028774062816616007,19.979757085020243
VIRAT,34,2026-08-18,0.0,0.13765182186234817
ISGEC,1346,2021-05-05,0.005200594353640416,5.449392712550607
HISARMETAL,2409,2017-01-05,0.0016604400166044002,9.753036437246964
INDHOTEL,4936,2006-10-06,0.002228525121555916,19.983805668016196
SHAKTIPUMP,3690,2011-10-25,0.002981029810298103,14.93927125506073
DPABHUSHAN,2213,2017-10-23,0.1500225937641211,8.959514170040485
DNAMEDIA,2179,2017-12-11,0.018815970628728775,8.821862348178138
NAVINFLUOR,4776,2007-06-01,0.0023031825795644893,19.336032388663966
IRISDOREME,1948,2018-11-16,0.22587268993839835,7.886639676113361
UJJIVANSFB,1693,2019-12-12,0.004134672179562906,6.854251012145749
VOLTAS,4936,2006-10-06,0.002228525121555916,19.983805668016196
SUKHJITS,968,2022-11-07,0.004132231404958678,3.919028340080972
DOMS,691,2023-12-20,0.00723589001447178,2.7975708502024292
POWERGRID,4690,2007-10-05,0.00255863539445629,18.987854251012145
ITDC,2416,2016-12-30,0.0020695364238410598,9.781376518218623
FEDFINA,708,2023-11-30,0.009887005649717515,2.866396761133603
MANIKA,11,2026-09-21,0.0,0.044534412955465584
WESTLIFE,1768,2019-08-19,0.002828054298642534,7.157894736842105
MANINDS,4936,2006-10-06,0.002228525121555916,19.983805668016196
KAVDEFENCE,4608,2008-01-29,0.08159722222222222,18.655870445344128
GUFICBIO,4934,2006-10-06,0.010336441021483584,19.975708502024293
MARICO,4936,2006-10-06,0.002228525121555916,19.983805668016196
EIHOTEL,4937,2006-10-06,0.0026331780433461616,19.987854251012145
CMPDI,134,2026-03-30,0.03731343283582089,0.5425101214574899
HMVL,4001,2010-07-21,0.001999500124968758,16.19838056680162
SRD,494,2024-10-09,0.006072874493927126,2.0
AAATECH,1459,2020-11-12,0.11172035640849898,5.906882591093117
HYBRIDFIN,948,2022-12-06,0.007383966244725738,3.838056680161943
KRYSTAL,631,2024-03-21,0.00792393026941363,2.554655870445344
NBCC,3578,2012-04-12,0.002515371716042482,14.48582995951417
ARFIN,300,2025-07-22,0.01,1.214574898785425
MANKIND,848,2023-05-09,0.008254716981132075,3.4331983805668016
HINDPETRO,4937,2006-10-06,0.0024306258861656878,19.987854251012145
TATAELXSI,4937,2006-10-06,0.0024306258861656878,19.987854251012145
GSPCROP,134,2026-03-24,0.022388059701492536,0.5425101214574899
BANARBEADS,3643,2011-12-29,0.13532802635190777,14.748987854251013
MWL,1041,2022-07-25,0.069164265129683,4.2145748987854255
ORTINGLOBE,2745,2015-08-21,0.020765027322404372,11.11336032388664
KMEW,459,2024-12-06,0.015250544662309368,1.8582995951417005
OPTIEMUS,2267,2017-08-08,0.003970004411116012,9.178137651821862
BCLIND,1383,2021-03-04,0.004338394793926247,5.59919028340081
MSUMI,1124,2022-03-28,0.0071174377224199285,4.550607287449393
NITINSPIN,4935,2006-10-06,0.0022289766970618034,19.979757085020243
RATEGAIN,1190,2021-12-17,0.005042016806722689,4.817813765182186
SDBL,3091,2014-04-01,0.0029116790682626984,12.51417004048583
CHAMBLFERT,4935,2006-10-06,0.0022289766970618034,19.979757085020243
HUBTOWN,4853,2007-02-07,0.002266639192252215,19.647773279352226
KENNAMET,1190,2019-08-19,0.031932773109243695,4.817813765182186
ANKITMETAL,3344,2013-03-14,0.11333732057416268,13.538461538461538
SPCENET,3182,2013-11-13,0.2586423632935261,12.882591093117409
MUTHOOTMF,689,2023-12-26,0.008708272859216255,2.789473684210526
HPL,2477,2016-10-04,0.002825999192571659,10.02834008097166
VIJAYA,1255,2021-09-14,0.007171314741035857,5.080971659919029
MYSORPETRO,34,2026-08-18,0.0,0.13765182186234817
INDOWIND,4701,2007-09-14,0.0025526483726866626,19.032388663967613
ACEVECTOR,2,2026-10-05,0.0,0.008097165991902834
KISSHT,107,2026-05-08,0.028037383177570093,0.4331983805668016
JAYSREETEA,4935,2006-10-06,0.0022289766970618034,19.979757085020243
RADICO,4936,2006-10-06,0.002228525121555916,19.983805668016196
AZAD,690,2023-12-28,0.011594202898550725,2.7935222672064777
VIPIND,4935,2006-10-06,0.0024316109422492403,19.979757085020243
PANORAMA,35,2026-08-18,0.02857142857142857,0.1417004048582996
IIFL,4936,2006-10-06,0.002228525121555916,19.983805668016196
SHARDUL,117,2026-04-22,0.017094017094017096,0.47368421052631576
IGIL,441,2024-12-30,0.013605442176870748,1.785425101214575
ESTER,3776,2011-06-20,0.0026483050847457626,15.287449392712551
PDMJEPAPER,2602,2016-03-30,0.001921598770176787,10.534412955465587
ORIENTCEM,3266,2013-07-12,0.0021432945499081446,13.222672064777328
EMBDL,4937,2006-10-06,0.0048612517723313755,19.987854251012145
KPITTECH,1850,2019-04-22,0.0037837837837837837,7.489878542510121
ZSARACOM,34,2026-08-18,0.0,0.13765182186234817
SINCLAIR,618,2024-04-10,0.006472491909385114,2.5020242914979756
DHARMAJ,946,2022-12-08,0.005285412262156448,3.8299595141700404
SHK,2694,2015-11-16,0.0022271714922048997,10.906882591093117
DATAPATTNS,1185,2021-12-24,0.00590717299578059,4.797570850202429
DCMSIL,159,2026-02-17,0.018867924528301886,0.6437246963562753
DOLLAR,2339,2017-04-21,0.0017101325352714834,9.469635627530364
ATL,778,2023-08-10,0.007712082262210797,3.1497975708502026
SBICARD,1629,2020-03-16,0.004297114794352364,6.5951417004048585
VERTOZ,2191,2017-11-24,0.02921040620721132,8.870445344129555
SOUTHBANK,4937,2006-10-06,0.0024306258861656878,19.987854251012145
BAFNAPH,3427,2012-11-12,0.08695652173913043,13.874493927125506
SHUKRAPHAR,38,2026-08-14,0.05263157894736842,0.15384615384615385
SUPRIYA,1183,2021-12-28,0.00507185122569738,4.7894736842105265
VBL,2455,2016-11-08,0.0028513238289205704,9.93927125506073
HINDALCO,4937,2006-10-06,0.0024306258861656878,19.987854251012145
POLYSPIN,34,2026-08-18,0.029411764705882353,0.13765182186234817
ACE,4935,2006-10-06,0.0022289766970618034,19.979757085020243
GULFOILLUB,3007,2014-07-31,0.002327901563019621,12.17408906882591
EIHAHOTELS,4561,2008-04-08,0.0048235036176277135,18.465587044534413
SHAILY,1118,2022-04-04,0.006261180679785331,4.526315789473684
TSFINV,2110,2018-03-27,0.002843601895734597,8.54251012145749
PRISMX,34,2026-08-18,0.0,0.13765182186234817
INTELLECT,2918,2014-12-18,0.002398903358464702,11.813765182186234
BIRLAMONEY,4601,2008-02-07,0.0023907846120408607,18.62753036437247
RAYMONDLSL,522,2024-09-05,0.013409961685823755,2.11336032388664
JISLJALEQS,4937,2006-10-06,0.0024306258861656878,19.987854251012145
VARROC,2039,2018-07-09,0.0029426189308484553,8.255060728744938
HGS,4934,2006-10-06,0.005877584110255371,19.975708502024293
DEEPINDS,1353,2021-04-27,0.005912786400591279,5.477732793522267
SHEMAROO,2963,2014-10-01,0.0013499831252109348,11.995951417004049
GOCLCORP,4663,2007-11-08,0.07398670383873043,18.87854251012146
VGUARD,4578,2008-03-13,0.002402795980777632,18.534412955465587
SAYAJIIND,34,2026-08-18,0.0,0.13765182186234817
MLKFOOD,35,2026-08-18,0.02857142857142857,0.1417004048582996
AMANTA,265,2025-09-11,0.011320754716981131,1.0728744939271255
BIRLANU,4932,2006-10-06,0.007096512570965126,19.967611336032387
ORIENTTECH,527,2024-08-28,0.011385199240986717,2.133603238866397
LOTUSCHO,34,2026-08-18,0.0,0.13765182186234817
TECHNVISN,34,2026-08-18,0.0,0.13765182186234817
PARSVNATH,4898,2006-11-30,0.0028583095140873828,19.829959514170042
GAYAHWS,2044,2018-06-28,0.1223091976516634,8.275303643724696
ZFCVINDIA,4937,2006-10-06,0.011342920802106542,19.987854251012145
ALPA,4727,2007-08-06,0.027078485297228685,19.13765182186235
KJMCFIN,33,2026-08-18,0.0,0.13360323886639677
IDBI,4937,2006-10-06,0.0024306258861656878,19.987854251012145
SGFIN,294,2025-08-05,0.02040816326530612,1.1902834008097165
ADVANIHOTR,4759,2007-06-25,0.05799537718007985,19.267206477732792
MARATHON,2479,2016-09-29,0.002016942315449778,10.036437246963562
VIVOBIOT,34,2026-08-18,0.0,0.13765182186234817
VINYLINDIA,4627,2008-01-01,0.04408904257618327,18.732793522267208
PERNIASPOP,21,2026-09-07,0.047619047619047616,0.08502024291497975
LATTEYS,2047,2018-06-20,0.4504152418172936,8.287449392712551
BUTTERFLY,3072,2014-04-28,0.001953125,12.437246963562753
ASHOKLEY,4937,2006-10-06,0.0024306258861656878,19.987854251012145
GUJAPOLLO,4773,2007-06-04,0.00251414204902577,19.323886639676115
RAJESHEXPO,4936,2006-10-06,0.0024311183144246355,19.983805668016196
SHAHALLOYS,4934,2006-10-06,0.09931090393190109,19.975708502024293
SURAKSHA,457,2024-12-06,0.010940919037199124,1.8502024291497976
PACIFICI,33,2026-08-18,0.0,0.13360323886639677
GENESYS,4937,2006-10-06,0.013570994531091757,19.987854251012145
CYBERMEDIA,4933,2006-10-06,0.2499493209000608,19.97165991902834
JUBLCPL,406,2025-02-14,0.009852216748768473,1.6437246963562753
GAEL,4935,2006-10-06,0.0024316109422492403,19.979757085020243
LXCHEM,1372,2021-03-25,0.0058309037900874635,5.554655870445344
SETUINFRA,3701,2011-10-04,0.07268305863280194,14.983805668016194
ELANTAS,117,2026-04-22,0.02564102564102564,0.47368421052631576
MOLDTKPAC,2872,2015-02-23,0.0017409470752089136,11.62753036437247
RACE,845,2023-05-09,0.004733727810650888,3.4210526315789473
BORORENEW,2069,2018-05-25,0.0028999516674722086,8.376518218623481
ORIENTPPR,4935,2006-10-06,0.0022289766970618034,19.979757085020243
INOXWIND,2844,2015-04-09,0.0024613220815752463,11.51417004048583
RHL,855,2023-04-25,0.005847953216374269,3.4615384615384617
MAZDOCK,1486,2020-10-12,0.005383580080753701,6.016194331983805
MIRZAINT,4935,2006-10-06,0.002026342451874367,19.979757085020243
BANKA,2124,2018-02-27,0.2175141242937853,8.59919028340081
AKSHARCHEM,2355,2017-03-29,0.0021231422505307855,9.534412955465587
PANSARI,2358,2017-03-22,0.41603053435114506,9.54655870445344
AFFLE,1775,2019-08-08,0.003943661971830986,7.186234817813765
ANTGRAPHIC,4932,2006-10-06,0.07826439578264396,19.967611336032387
BPCL,4937,2006-10-06,0.0024306258861656878,19.987854251012145
KEI,4937,2006-10-06,0.005671460401053271,19.987854251012145
VIPULLTD,4137,2010-01-08,0.03456611070824269,16.748987854251013
NCLIND,4815,2007-04-03,0.0024922118380062306,19.493927125506072
SSRETAIL,10,2026-09-23,0.1,0.04048582995951417
PRIORITY,23,2026-09-04,0.08695652173913043,0.0931174089068826
PNBHOUSING,2456,2016-11-07,0.009364820846905538,9.94331983805668
CPPLUS,294,2025-08-05,0.02040816326530612,1.1902834008097165
IRB,4592,2008-02-25,0.002613240418118467,18.591093117408906
INDOCO,4937,2006-10-06,0.0028357302005266355,19.987854251012145
E2E,2066,2018-05-29,0.14908034849951599,8.364372469635628
TRAVELFOOD,309,2025-07-14,0.016181229773462782,1.2510121457489878
GVPIL,4935,2006-10-06,0.0022289766970618034,19.979757085020243
MANAPPURAM,4021,2010-06-30,0.002238249191743347,16.279352226720647
NIPPOBATRY,4934,2006-10-06,0.01905147952979327,19.975708502024293
KFINTECH,935,2022-12-29,0.008556149732620321,3.785425101214575
CRAMC,243,2025-10-16,0.0205761316872428,0.9838056680161943
AVTNPL,4869,2007-01-10,0.00780447730540152,19.71255060728745
SKIPPER,2810,2015-05-27,0.0017793594306049821,11.376518218623481
NIVABUPA,471,2024-11-14,0.010615711252653927,1.9068825910931173
STLNETWORK,274,2025-09-04,0.021897810218978103,1.1093117408906883
GMMPFAUDLR,2124,2018-03-05,0.0023540489642184556,8.59919028340081
RBLBANK,2499,2016-08-31,0.0028011204481792717,10.117408906882591
ASHIANA,3768,2011-06-29,0.0037154989384288748,15.255060728744938
FOSECOIND,4936,2006-10-06,0.014384116693679092,19.983805668016196
ANNU,23,2026-09-02,0.043478260869565216,0.0931174089068826
ARIES,4618,2008-01-11,0.0019488956258120397,18.696356275303643
LTF,3738,2011-08-12,0.002407704654895666,15.133603238866396
BANDHANBNK,2111,2018-03-27,0.0033159639981051635,8.54655870445344
AHLADA,1973,2018-10-12,0.12316269640141916,7.987854251012146
KIRLOSBROS,4936,2006-10-06,0.007901134521880064,19.983805668016196
ALLTIME,285,2025-08-14,0.017543859649122806,1.1538461538461537
HALEOSLABS,2256,2017-08-18,0.0017730496453900709,9.133603238866396
LOKESHMACH,4935,2006-10-06,0.0026342451874366768,19.979757085020243
TRIVENI,4935,2006-10-06,0.002026342451874367,19.979757085020243
EBIX,33,2026-08-18,0.0,0.13360323886639677
NAVKARURB,428,2025-01-17,0.011682242990654205,1.7327935222672064
TNTELE,4932,2006-10-06,0.16930251419302514,19.967611336032387
CPCAP,3949,2010-10-06,0.002279057989364396,15.987854251012147
MIDHANI,2107,2018-04-04,0.0033222591362126247,8.530364372469636
TAALTECH,36,2026-08-18,0.05555555555555555,0.145748987854251
JPOLYINVST,3184,2013-11-11,0.04428391959798995,12.890688259109313
AKI,865,2023-04-06,0.005780346820809248,3.5020242914979756
LT,4937,2006-10-06,0.0024306258861656878,19.987854251012145
CSM,67,2026-07-02,0.014925373134328358,0.27125506072874495
SHIVACEM,35,2026-08-18,0.02857142857142857,0.1417004048582996
IPCALAB,4935,2006-10-06,0.0022289766970618034,19.979757085020243
MGEL,1692,2019-12-11,0.013593380614657211,6.850202429149798
RADIOCITY,2363,2017-03-17,0.0050782903089293275,9.566801619433198
GREENPOWER,3948,2010-10-08,0.002026342451874367,15.983805668016194
MOKSH,2162,2018-01-03,0.18408880666049954,8.753036437246964
DBCORP,4140,2010-01-06,0.001932367149758454,16.761133603238868
GRAUWEIL,704,2021-08-05,0.05113636363636364,2.8502024291497974
AEROPLANE,130,2026-04-02,0.03076923076923077,0.5263157894736842
MRF,4935,2006-10-06,0.002026342451874367,19.979757085020243
JWL,3944,2010-10-18,0.002535496957403651,15.96761133603239
AAREYDRUGS,1277,2021-08-06,0.0031323414252153485,5.17004048582996
SOTL,4937,2006-10-06,0.0026331780433461616,19.987854251012145
GAYAPROJ,3731,2011-08-22,0.0838917180380595,15.105263157894736
ARCIL,14,2026-09-17,0.07142857142857142,0.05668016194331984
RTNINDIA,3501,2012-07-30,0.00971151099685804,14.17408906882591
SPANDANA,1769,2019-08-19,0.0033917467495760316,7.161943319838056
SHANTI,2265,2017-08-03,0.291832229580574,9.17004048582996
PARASPETRO,4934,2006-10-06,0.49574381840291853,19.975708502024293
RAMCOSYS,4936,2006-10-06,0.01053484602917342,19.983805668016196
HYUNDAI,490,2024-10-22,0.014285714285714285,1.9838056680161944
TOLINS,513,2024-09-16,0.009746588693957114,2.076923076923077
EMAMIPAP,489,2024-10-17,0.010224948875255624,1.9797570850202428
BEEKAY,36,2026-08-18,0.05555555555555555,0.145748987854251
LTTS,2484,2016-09-23,0.002818035426731079,10.05668016194332
ICICIPRULI,2478,2016-09-29,0.002421307506053269,10.03238866396761
JAYAGROGN,4933,2006-10-06,0.0022298803973241437,19.97165991902834
SUPRAJIT,4934,2006-10-06,0.006688285366842318,19.975708502024293
ONELIFECAP,3693,2011-10-17,0.017600866504197128,14.951417004048583
SILVERTUC,2187,2017-12-01,0.19524462734339276,8.854251012145749
MEIL,276,2025-08-28,0.010869565217391304,1.1174089068825912
SAB,34,2026-08-20,0.35294117647058826,0.13765182186234817
WANBURY,4860,2007-01-29,0.0032921810699588477,19.676113360323885
MTEDUCARE,3575,2012-04-12,0.026573426573426574,14.473684210526315
RANEHOLDIN,4936,2006-10-06,0.00526742301458671,19.983805668016196
PREMIERENE,524,2024-09-03,0.013358778625954198,2.1214574898785425
ZOTA,2329,2017-05-10,0.0030055817947617003,9.429149797570851
ESSENTIA,3238,2013-08-20,0.37801111797405806,13.109311740890687
GEEKAYWIRE,2254,2017-08-24,0.2111801242236025,9.125506072874494
DALMIASUG,4933,2006-10-06,0.002027163997567403,19.97165991902834
KAMOPAINTS,914,2023-01-24,0.00437636761487965,3.700404858299595
KREBSBIO,2460,2016-10-27,0.024390243902439025,9.959514170040485
ATGL,1959,2018-11-05,0.0035732516590096988,7.931174089068826
MHRIL,4255,2009-07-16,0.0021151586368977674,17.22672064777328
BGRENERGY,4625,2008-01-03,0.005405405405405406,18.724696356275302
ADVENZYMES,2520,2016-08-01,0.002777777777777778,10.20242914979757
RENTOMOJO,14,2026-09-17,0.07142857142857142,0.05668016194331984
REGAAL,282,2025-08-20,0.014184397163120567,1.1417004048582995
PHOENIXLTD,4802,2007-04-23,0.001874219075385256,19.441295546558706
INNOVACAP,687,2023-12-29,0.008733624454148471,2.7813765182186234
KOLTEPATIL,4640,2007-12-13,0.0021551724137931034,18.785425101214575
CRAFTSMAN,1368,2021-03-25,0.003654970760233918,5.538461538461538
RKDL,3894,2010-12-27,0.027478171545968155,15.765182186234817
GFSTEELS,4934,2006-10-06,0.8327928658289421,19.975708502024293
JAYKAY,212,2025-12-03,0.02358490566037736,0.8582995951417004
EQUITASBNK,1469,2020-11-02,0.004765146358066712,5.947368421052632
EMUDHRA,1079,2022-06-01,0.006487488415199258,4.368421052631579
TVSSRICHAK,4849,2007-02-13,0.005361930294906166,19.63157894736842
LCCINFOTEC,4931,2006-10-06,0.2030014195903468,19.963562753036438
ENDURANCE,2466,2016-10-19,0.0024330900243309003,9.983805668016194
SKMEGGPROD,4936,2006-10-06,0.018638573743922204,19.983805668016196
BI,35,2026-08-18,0.02857142857142857,0.1417004048582996
ASHOKAMET,811,2023-06-27,0.007398273736128237,3.283400809716599
WAAREEINDO,3956,2010-09-29,0.21486349848331648,16.016194331983804
GNRL,34,2026-08-18,0.029411764705882353,0.13765182186234817
UNIVASTU,2045,2018-06-27,0.18092909535452323,8.279352226720647
SHANKARA,2351,2017-04-05,0.002126754572522331,9.518218623481781
ELCIDIN,117,2026-04-20,0.0,0.47368421052631576
KUANTUM,1726,2019-10-23,0.0028968713789107765,6.987854251012146
MANBA,501,2024-09-30,0.005988023952095809,2.02834008097166
CURAA,4932,2006-10-06,0.5062854825628548,19.967611336032387
MTARTECH,1379,2021-03-15,0.005076142131979695,5.582995951417004
GENCON,1395,2021-02-16,0.004301075268817204,5.647773279352227
ROSSTECH,455,2024-12-10,0.013186813186813187,1.8421052631578947
RPTECH,657,2024-02-14,0.0091324200913242,2.659919028340081
RELIABLE,2217,2017-10-12,0.40820929183581417,8.975708502024291
ALGOQUANT,187,2026-01-06,0.0213903743315508,0.757085020242915
KSR,213,2025-11-27,0.009389671361502348,0.8623481781376519
JSWDULUX,4936,2006-10-06,0.0024311183144246355,19.983805668016196
MONEYBOXX,243,2025-10-15,0.012345679012345678,0.9838056680161943
ABBOTINDIA,4936,2006-10-06,0.16349270664505672,19.983805668016196
INNOVANA,2177,2017-12-12,0.2039503904455673,8.813765182186234
KSE,39,2026-08-11,0.10256410256410256,0.15789473684210525
PFS,3831,2011-03-30,0.0020882276168102325,15.510121457489879
TCIEXP,2426,2016-12-15,0.0016488046166529267,9.821862348178138
NSIL,4934,2006-10-06,0.02776651803810296,19.975708502024293
HEMIPROP,1476,2020-10-22,0.0047425474254742545,5.9757085020242915
VAML,82,2026-06-15,0.036585365853658534,0.3319838056680162
CENTENKA,4934,2006-10-06,0.007296311309282529,19.975708502024293
WINDMACHIN,4935,2006-10-06,0.05065856129685917,19.979757085020243
AUSTENG,34,2026-08-18,0.029411764705882353,0.13765182186234817
REPRO,4934,2006-10-06,0.0022294284556141062,19.975708502024293
EASTSILK,4932,2006-10-06,0.12915652879156528,19.967611336032387
LAHOTIOV,34,2026-08-18,0.0,0.13765182186234817
AVANCE,34,2026-08-18,0.029411764705882353,0.13765182186234817
RECLTD,4581,2008-03-12,0.0026195153896529143,18.546558704453442
OMAXE,4727,2007-08-09,0.0021155066638459913,19.13765182186235
TVSELECT,4934,2006-10-06,0.006080259424402107,19.975708502024293
KAUSHALYA,4637,2007-12-14,0.0659909424196679,18.77327935222672
SIGIND,3287,2013-06-11,0.014602981442044418,13.307692307692308
TENNIND,223,2025-11-19,0.026905829596412557,0.902834008097166
ADANIPORTS,4654,2007-11-27,0.0034379028792436614,18.842105263157894
SHREERAMA,4935,2006-10-06,0.034650455927051675,19.979757085020243
LEXUS,2253,2017-08-23,0.17265867731913004,9.121457489878543
NELCAST,4758,2007-06-27,0.0025220680958385876,19.263157894736842
HEGAM,4937,2006-10-06,0.0024306258861656878,19.987854251012145
HINDUNILVR,4937,2006-10-06,0.0024306258861656878,19.987854251012145
HITECH,2623,2016-02-25,0.030499428135722456,10.619433198380566
JKLAKSHMI,4937,2006-10-06,0.0024306258861656878,19.987854251012145
CAPTRUST,2401,2017-01-16,0.0020824656393169513,9.720647773279353
CANTABIL,3943,2010-10-12,0.00126806999746386,15.963562753036438
KMCSHIL,35,2026-08-18,0.02857142857142857,0.1417004048582996
OBCL,1112,2022-04-07,0.0035971223021582736,4.502024291497976
GRASIM,4935,2006-10-06,0.0022289766970618034,19.979757085020243
3BBLACKBIO,34,2026-08-18,0.029411764705882353,0.13765182186234817
GENUSPOWER,4937,2006-10-06,0.0026331780433461616,19.987854251012145
INDIAMART,1799,2019-07-04,0.0044469149527515284,7.283400809716599
ACMESOLAR,474,2024-11-13,0.014767932489451477,1.9190283400809716
SHRJAGP,35,2026-08-18,0.02857142857142857,0.1417004048582996
ARCHIDPLY,4502,2008-07-04,0.015992892047978675,18.22672064777328
TNPL,4936,2006-10-06,0.00547001620745543,19.983805668016196
BALAMINES,4816,2007-04-05,0.004775747508305648,19.497975708502025
DDEVPLSTIK,429,2025-01-15,0.011655011655011656,1.736842105263158
SOMATEX,4933,2006-10-06,0.08068112710318265,19.97165991902834
ADROITINFO,2712,2015-10-13,0.016224188790560472,10.979757085020243
GVPTECH,2361,2017-03-15,0.336298178737823,9.558704453441296
RISHABH,760,2023-09-11,0.007894736842105263,3.076923076923077
ESABINDIA,4933,2006-10-06,0.002432596797080884,19.97165991902834
NATHBIOGEN,3131,2014-01-28,0.0025550942190993293,12.676113360323887
SHIVAAGRO,34,2026-08-18,0.0,0.13765182186234817
ATULAUTO,3278,2013-06-26,0.0024405125076266015,13.271255060728745
BFUTILITIE,4799,2007-05-03,0.002500520941862888,19.42914979757085
LCL,48,2026-07-30,0.020833333333333332,0.19433198380566802
DRAGARWQ,33,2026-08-18,0.0,0.13360323886639677
SEDEMAC,146,2026-03-11,0.03424657534246575,0.5910931174089069
ARSHIYA,4150,2009-12-14,0.02289156626506024,16.80161943319838
MAANALU,4935,2006-10-06,0.05410334346504559,19.979757085020243
FLAIR,705,2023-12-01,0.00851063829787234,2.854251012145749
RSWM,4935,2006-10-06,0.0022289766970618034,19.979757085020243
BILVYAPAR,4932,2006-10-06,0.16869424168694241,19.967611336032387
RELIANCE,4937,2006-10-06,0.0024306258861656878,19.987854251012145
WEIZMANIND,4935,2006-10-06,0.06585612968591692,19.979757085020243
TARSONS,1206,2021-11-26,0.005804311774461028,4.882591093117409
CHEMCON,1488,2020-10-01,0.003360215053763441,6.0242914979757085
DCMNVL,1790,2019-07-16,0.004469273743016759,7.246963562753036
LUMAXIND,4935,2006-10-06,0.005065856129685917,19.979757085020243
MKEXIM,35,2026-08-18,0.02857142857142857,0.1417004048582996
TARIL,4633,2007-12-28,0.0025901143967191884,18.757085020242915
MASFIN,2220,2017-10-18,0.0036036036036036037,8.987854251012147
HAPPYFORGE,691,2023-12-27,0.011577424023154847,2.7975708502024292
COROMANDEL,4935,2006-10-06,0.0032421479229989866,19.979757085020243
LGBBROSLTD,4630,2008-01-01,0.04125269978401728,18.74493927125506
NILASPACES,1925,2018-12-28,0.004675324675324675,7.793522267206478
BLUEDART,4934,2006-10-06,0.0024321037697608433,19.975708502024293
BLACKROSE,33,2026-08-18,0.0,0.13360323886639677
ESAFSFB,718,2023-11-10,0.008356545961002786,2.9068825910931175
URBANCO,264,2025-09-17,0.01893939393939394,1.0688259109311742
METROPOLIS,1853,2019-04-15,0.0037776578521316784,7.502024291497976
PIIND,3779,2011-06-15,0.0031754432389521038,15.299595141700404
IMAGICAA,2845,2015-04-06,0.00421792618629174,11.518218623481781
KECL,4097,2010-03-09,0.002196729314132292,16.587044534412957
NAZARA,1369,2021-03-30,0.005113221329437546,5.5425101214574894
ALPHAGEO,4790,2007-05-11,0.01127348643006263,19.39271255060729
IFGLEXPOR,4937,2006-10-06,0.012355681588008913,19.987854251012145
SURYALA,35,2026-08-18,0.02857142857142857,0.1417004048582996
DISHTV,4806,2007-04-18,0.0022888056595921765,19.45748987854251
TIINDIA,2210,2017-11-02,0.003167420814479638,8.947368421052632
GLOBALVECT,4919,2006-10-27,0.032730229721488105,19.91497975708502
AEPL,141,2026-03-12,0.014184397163120567,0.5708502024291497
VARDHACRLC,4936,2006-10-06,0.0024311183144246355,19.983805668016196
NDLVENTURE,4932,2006-10-06,0.0056772100567721,19.967611336032387
MANAKALUCO,2849,2015-03-30,0.003861003861003861,11.534412955465587
SUNDRMBRAK,4936,2006-10-06,0.011547811993517018,19.983805668016196
EVERESTIND,4932,2006-10-06,0.0034468775344687753,19.967611336032387
DIXON,2239,2017-09-18,0.0026797677534613666,9.064777327935223
MANOMAY,917,2023-01-18,0.013086150490730643,3.7125506072874495
TANAA,35,2026-08-18,0.02857142857142857,0.1417004048582996
GLOBAL,2363,2017-03-15,0.2052475666525603,9.566801619433198
ISTLTD,34,2026-08-18,0.0,0.13765182186234817
FOCUS,2269,2017-07-27,0.24504186866460997,9.186234817813766
RUBYMILLS,4934,2006-10-06,0.00526955816781516,19.975708502024293
GAUDIUMIVF,151,2026-02-27,0.026490066225165563,0.611336032388664
PRITIKAUTO,1277,2021-08-10,0.004698512137823023,5.17004048582996
JETFREIGHT,2365,2017-03-15,0.3192389006342495,9.574898785425102
NH,2659,2016-01-06,0.0022564874012786762,10.765182186234817
NOVAAGRI,665,2024-01-31,0.006015037593984963,2.6923076923076925
UTKARSHBNK,796,2023-07-21,0.008793969849246231,3.222672064777328
SONA,8,2026-09-24,0.0,0.032388663967611336
INDNIPPON,4935,2006-10-06,0.011550151975683891,19.979757085020243
PALREDTEC,4934,2006-10-06,0.020064856100526957,19.975708502024293
MEDANTA,962,2022-11-18,0.006237006237006237,3.8947368421052633
ETERNAL,1292,2021-07-23,0.007739938080495356,5.230769230769231
AGI,4934,2006-10-06,0.00263477908390758,19.975708502024293
ANANTRAJ,4935,2006-10-06,0.0028368794326241137,19.979757085020243
GKWLIMITED,4932,2006-10-06,0.029805352798053526,19.967611336032387
TOKYOPLAST,4933,2006-10-06,0.09689843908372188,19.97165991902834
SHADOWFAX,175,2026-01-28,0.02857142857142857,0.708502024291498
TGBHOTELS,4786,2007-05-17,0.0031341412452987882,19.37651821862348
PREMIERPOL,3489,2012-08-16,0.2599598738893666,14.125506072874494
WCIL,509,2024-09-24,0.0137524557956778,2.0607287449392713
FERMENTA,36,2026-08-18,0.05555555555555555,0.145748987854251
HDFCAMC,2020,2018-08-06,0.0034653465346534654,8.178137651821862
CERA,4669,2007-11-02,0.016920111372884985,18.902834008097166
HMT,4932,2006-10-06,0.0016220600162206002,19.967611336032387
GARFIBRES,4934,2006-10-06,0.03526550466153223,19.975708502024293
NICCOPAR,34,2026-08-18,0.0,0.13765182186234817
UNOMINDA,4857,2007-02-02,0.010706197241095327,19.663967611336034
SUNDRMFAST,4936,2006-10-06,0.002228525121555916,19.983805668016196
RNBDENIMS,272,2025-09-04,0.014705882352941176,1.1012145748987854
HSCL,4839,2007-03-02,0.002893159743748708,19.591093117408906
SAHLIBHFI,124,2026-04-10,0.016129032258064516,0.5020242914979757
ARIHANTSUP,2353,2017-03-29,0.0016999575010624734,9.526315789473685
ELECTHERM,4719,2007-08-20,0.018012290739563466,19.105263157894736
RSDFIN,34,2026-08-18,0.029411764705882353,0.13765182186234817
KIRLPNU,855,2023-04-26,0.007017543859649123,3.4615384615384617
OBEROIRLTY,3940,2010-10-20,0.0017766497461928934,15.951417004048583
MUKTAARTS,4934,2006-10-06,0.005674908796108634,19.975708502024293
GRINFRA,1293,2021-07-19,0.005413766434648105,5.234817813765182
JMA,2857,2015-03-16,0.0056002800140007,11.566801619433198
MBLINFRA,4134,2010-01-11,0.001451378809869376,16.736842105263158
20MICRONS,4439,2008-10-06,0.002928587519711647,17.97165991902834
SWSOLAR,1769,2019-08-20,0.00395703787450537,7.161943319838056
RMDRIP,2227,2017-10-04,0.2263134261338123,9.016194331983806
INFY,4937,2006-10-06,0.0024306258861656878,19.987854251012145
STARTECK,1097,2022-05-04,0.011850501367365542,4.441295546558704
WEALTH,2362,2017-03-21,0.3615580016934801,9.562753036437247
MAHEPC,1648,2020-02-14,0.00424757281553398,6.672064777327935
MURUDCERA,4936,2006-10-06,0.01478930307941653,19.983805668016196
SHREDIGCEM,1769,2019-08-19,0.0033917467495760316,7.161943319838056
3MINDIA,4932,2006-10-06,0.0022303325223033254,19.967611336032387
ASTRAL,4825,2007-03-20,0.002901554404145078,19.534412955465587
BHEL,4937,2006-10-06,0.0024306258861656878,19.987854251012145
SCI,4937,2006-10-06,0.0024306258861656878,19.987854251012145
GANDHAR,707,2023-11-30,0.009900990099009901,2.8623481781376516
ANDHRSUGAR,4935,2006-10-06,0.0024316109422492403,19.979757085020243
RAJRATAN,1583,2020-05-22,0.003158559696778269,6.4089068825910935
HEIDELBERG,4937,2006-10-06,0.0024306258861656878,19.987854251012145
GOPAL,634,2024-03-14,0.006309148264984227,2.5668016194331984
ASHIKAG,33,2026-08-18,0.0,0.13360323886639677
ONESOURCE,424,2025-01-24,0.014150943396226415,1.7165991902834008
HILINFRA,286,2025-08-12,0.013986013986013986,1.1578947368421053
TIL,4935,2006-10-06,0.004863221884498481,19.979757085020243
VAISHALI,2254,2017-08-22,0.15705412599822538,9.125506072874494
PRUDMOULI,690,2023-12-22,0.010144927536231883,2.7935222672064777
LOTUSEYE,4496,2008-07-11,0.010898576512455516,18.20242914979757
HINDCOPPER,4139,2010-01-08,0.002174438270113554,16.757085020242915
SHOPERSTOP,4936,2006-10-06,0.002228525121555916,19.983805668016196
MINDACORP,3592,2012-03-19,0.11581291759465479,14.54251012145749
OIL,4203,2009-09-30,0.0021413276231263384,17.016194331983804
BAJEL,694,2023-12-19,0.010086455331412104,2.8097165991902835
ASPINWALL,2548,2016-06-14,0.0027472527472527475,10.31578947368421
HONDAPOWER,4932,2006-10-06,0.0030413625304136255,19.967611336032387
GICRE,2216,2017-10-25,0.00315884476534296,8.97165991902834
STEELCITY,2364,2017-03-16,0.046531302876480544,9.570850202429149
OILCOUNTUB,4934,2006-10-06,0.013984596676124847,19.975708502024293
MUKANDLTD,4937,2006-10-06,0.0026331780433461616,19.987854251012145
TRF,4139,2010-01-08,0.011838608359507128,16.757085020242915
GODIGIT,591,2024-05-23,0.008460236886632826,2.3927125506072873
IITL,3983,2010-08-17,0.18654280692945016,16.125506072874494
ASIANTILES,4718,2007-08-23,0.015048749470114454,19.101214574898787
DIFFNKG,497,2024-10-04,0.004024144869215292,2.0121457489878543
APCOTEXIND,4934,2006-10-06,0.017430077016619375,19.975708502024293
KITEX,3463,2012-09-25,0.002310135720473578,14.020242914979757
WELSPUNLIV,4937,2006-10-06,0.0030382823577071094,19.987854251012145
PIDILITIND,4937,2006-10-06,0.0026331780433461616,19.987854251012145
LUMAXTECH,4867,2007-01-16,0.004520238339839737,19.704453441295545
HEROMOTORS,10,2026-09-23,0.1,0.04048582995951417
CARYSIL,1418,2021-01-14,0.004936530324400564,5.7408906882591095
INDRAMEDCO,4936,2006-10-06,0.011345218800648298,19.983805668016196
ARTEMISMED,1636,2020-01-24,0.0,6.623481781376518
VINNY,1963,2018-10-26,0.40295466123280693,7.947368421052632
RAYMOND,4937,2006-10-06,0.0024306258861656878,19.987854251012145
HPIL,1646,2020-02-11,0.2891859052247874,6.663967611336032
FMGOETZE,4933,2006-10-06,0.002635313196837624,19.97165991902834
CAPITALSFB,653,2024-02-14,0.004594180704441042,2.6437246963562755
CASTROLIND,4937,2006-10-06,0.047194652623050434,19.987854251012145
LANDMARK,936,2022-12-23,0.005341880341880342,3.789473684210526
ADVIKCA,34,2026-08-18,0.029411764705882353,0.13765182186234817
ARE&M,4937,2006-10-06,0.0030382823577071094,19.987854251012145
SOFTTECH,2065,2018-05-25,0.16561743341404359,8.360323886639677
DMART,2364,2017-03-21,0.002961082910321489,9.570850202429149
UTTAMSUGAR,4936,2006-10-06,0.008306320907617504,19.983805668016196
HLEGLAS,1392,2021-02-22,0.005028735632183908,5.635627530364372
DHANBANK,4935,2006-10-06,0.0022289766970618034,19.979757085020243
RHETAN,258,2025-09-26,0.023255813953488372,1.0445344129554657
YESBANK,4937,2006-10-06,0.0024306258861656878,19.987854251012145
ZUARIIND,4935,2006-10-06,0.0022289766970618034,19.979757085020243
SHRINGARMS,263,2025-09-17,0.015209125475285171,1.0647773279352226
DIGJAMLMTD,4932,2006-10-06,0.07481751824817519,19.967611336032387
LICI,1091,2022-05-17,0.007332722273143905,4.417004048582996
NAGREEKCAP,4933,2006-10-06,0.15913237380904116,19.97165991902834
JYOTISTRUC,4935,2006-10-06,0.05795339412360689,19.979757085020243
BEARDSELL,4135,2010-01-08,0.1987908101571947,16.74089068825911
SPLIL,4933,2006-10-06,0.040543279951348064,19.97165991902834
EASTWEST,33,2026-08-18,0.0,0.13360323886639677
AONESTEELS,4,2026-10-01,0.25,0.016194331983805668
BLSE,664,2024-02-06,0.010542168674698794,2.688259109311741
SADBHIN,2729,2015-09-16,0.0014657383657017222,11.048582995951417
AGASTYAEN,2363,2017-03-16,0.0761743546339399,9.566801619433198
MUTHOOTCAP,2746,2015-08-24,0.0014566642388929353,11.117408906882591
SAMMAANCAP,3261,2013-07-23,0.0027598896044158236,13.20242914979757
DABUR,4937,2006-10-06,0.0024306258861656878,19.987854251012145
HESTERBIO,2857,2015-03-13,0.001400070003500175,11.566801619433198
VIVIANA,1003,2022-09-16,0.03290129611166501,4.060728744939271
HNDFDS,1766,2019-08-19,0.01642129105322763,7.149797570850202
TFCILTD,4937,2006-10-06,0.0026331780433461616,19.987854251012145
KRONOX,579,2024-06-10,0.0069084628670120895,2.3441295546558703
QPOWER,402,2025-02-24,0.014925373134328358,1.6275303643724697
BELLACASA,302,2025-07-18,0.009933774834437087,1.222672064777328
TRITONV,34,2026-08-18,0.0,0.13765182186234817
KOHINOOR,4934,2006-10-06,0.07012565869477097,19.975708502024293
MENNPIS,34,2026-08-18,0.0,0.13765182186234817
TRIGYN,4935,2006-10-06,0.011347517730496455,19.979757085020243
PSB,3893,2010-12-30,0.0020549704597996403,15.761133603238866
BHARTIHEXA,618,2024-04-12,0.009708737864077669,2.5020242914979756
HBPOR,33,2026-08-18,0.0,0.13360323886639677
UNIINFO,2115,2018-03-15,0.14184397163120568,8.562753036437247
DWARKESH,4936,2006-10-06,0.0028363047001620746,19.983805668016196
ELGIRUBCO,4629,2008-01-01,0.06956146035860877,18.74089068825911
EBGNG,297,2025-07-30,0.016835016835016835,1.2024291497975708
MEDICAMEQ,1225,2021-10-27,0.004897959183673469,4.959514170040486
GOLDIAM,4935,2006-10-06,0.005673758865248227,19.979757085020243
VTMLTD,40,2026-08-11,0.125,0.16194331983805668
ABCAPITAL,2252,2017-09-01,0.003108348134991119,9.117408906882591
TIPSFILMS,989,2022-10-06,0.004044489383215369,4.004048582995951
DTIL,2891,2015-01-20,0.0010377032168799724,11.704453441295547
JYOTICNC,677,2024-01-16,0.0103397341211226,2.7408906882591095
IPL,1303,2021-07-05,0.004604758250191865,5.275303643724697
TURTLEMINT,71,2026-06-29,0.014084507042253521,0.2874493927125506
SHREEPUSHK,2735,2015-09-10,0.0021937842778793418,11.072874493927126
JASH,2221,2017-10-12,0.048626744709590275,8.991902834008098
STEAMHOUSE,13,2026-09-17,0.0,0.05263157894736842
NILKAMAL,4934,2006-10-06,0.0024321037697608433,19.975708502024293
JSWENERGY,4142,2010-01-04,0.0021728633510381457,16.76923076923077
INDPRUD,34,2026-08-18,0.0,0.13765182186234817
ASTRAZEN,4936,2006-10-06,0.004051863857374392,19.983805668016196
DHAMPURSUG,4935,2006-10-06,0.0022289766970618034,19.979757085020243
ELLEN,318,2025-07-01,0.015723270440251572,1.2874493927125505
STARHEALTH,1197,2021-12-10,0.006683375104427736,4.846153846153846
SCHAND,2329,2017-05-09,0.0021468441391155,9.429149797570851
ARENTERP,2201,2017-11-07,0.22353475692866878,8.910931174089068
LOYALTEX,1028,2022-08-11,0.01264591439688716,4.161943319838056
BLUECOAST,4932,2006-10-06,0.5819140308191403,19.967611336032387
VIVIDHA,3303,2013-05-21,0.012110202845897668,13.37246963562753
KAKATCEM,4934,2006-10-06,0.016416700445885692,19.975708502024293
SHREYANIND,4934,2006-10-06,0.13822456424807458,19.975708502024293
INDOUS,502,2024-09-27,0.00796812749003984,2.032388663967611
SWELECTES,4935,2006-10-06,0.0026342451874366768,19.979757085020243
KOTARISUG,4935,2006-10-06,0.0032421479229989866,19.979757085020243
JAINREC,252,2025-10-06,0.01984126984126984,1.0202429149797572
UNIECOM,537,2024-08-13,0.0111731843575419,2.174089068825911
TICL,4595,2008-02-19,0.056583242655059846,18.60323886639676
PFC,4844,2007-02-23,0.002477291494632535,19.611336032388664
SRTL,150,2026-03-02,0.02,0.6072874493927125
RATNAVEER,760,2023-09-11,0.007894736842105263,3.076923076923077
HAWKINCOOK,115,2026-04-23,0.017391304347826087,0.46558704453441296
KSB,4936,2006-10-06,0.002633711507293355,19.983805668016196
TRANSPEK,117,2026-04-22,0.017094017094017096,0.47368421052631576
BLEL,35,2026-08-19,0.05714285714285714,0.1417004048582996
COASTCORP,1236,2021-10-08,0.0048543689320388345,5.004048582995951
MOTHERSON,4937,2006-10-06,0.0026331780433461616,19.987854251012145
DENORA,4935,2006-10-06,0.023505572441742655,19.979757085020243
ANANDRATHI,1193,2021-12-14,0.00586756077116513,4.82995951417004
ADVANCE,248,2025-10-08,0.016129032258064516,1.0040485829959513
ICEMAKE,2180,2017-12-08,0.06788990825688074,8.82591093117409
TALBROAUTO,4936,2006-10-06,0.012763371150729336,19.983805668016196
TRU,1093,2022-05-10,0.03751143641354071,4.425101214574899
TIRUMALCHM,4936,2006-10-06,0.0024311183144246355,19.983805668016196
CIFL,365,2025-04-17,0.005479452054794521,1.4777327935222673
ELPROINTL,116,2026-04-22,0.017241379310344827,0.46963562753036436
GLFL,4932,2006-10-06,0.29927007299270075,19.967611336032387
MAWANASUG,4336,2009-03-20,0.003459409594095941,17.554655870445345
WILLAMAGOR,4933,2006-10-06,0.023312385972025135,19.97165991902834
VIKRAMSOLR,280,2025-08-26,0.02142857142857143,1.1336032388663968
HAPPSTMNDS,1502,2020-09-17,0.004660452729693742,6.080971659919029
MUNJALSHOW,4937,2006-10-06,0.0024306258861656878,19.987854251012145
AGL,68,2026-07-03,0.029411764705882353,0.27530364372469635
SALSTEEL,4933,2006-10-06,0.011149401986620717,19.97165991902834
METROGLOBL,117,2026-04-22,0.017094017094017096,0.47368421052631576
NAGREEKEXP,4933,2006-10-06,0.05615244273261707,19.97165991902834
AARTIPHARM,914,2023-01-30,0.0087527352297593,3.700404858299595
SURANASOL,4936,2006-10-06,0.02735008103727715,19.983805668016196
BVCL,4652,2007-11-23,0.027515047291487533,18.83400809716599
INDTERRAIN,3842,2011-03-11,0.02993232691306611,15.554655870445345
SONATSOFTW,4937,2006-10-06,0.0026331780433461616,19.987854251012145
CRAVATEX,33,2026-08-18,0.0,0.13360323886639677
WELENT,4936,2006-10-06,0.0028363047001620746,19.983805668016196
PSPPROJECT,2315,2017-05-29,0.0017278617710583153,9.37246963562753
DELPHIFX,3767,2011-06-28,0.042739580568091316,15.251012145748987
JKIPL,252,2025-10-03,0.015873015873015872,1.0202429149797572
CEIGALL,537,2024-08-08,0.00931098696461825,2.174089068825911
BIMETAL,121,2026-04-15,0.04132231404958678,0.4898785425101215
TEXINFRA,4935,2006-10-06,0.002026342451874367,19.979757085020243
NIBL,3327,2013-04-16,0.028253681995792004,13.469635627530364
SIKKO,2271,2017-07-27,0.3188022897402025,9.194331983805668
SANATHAN,442,2024-12-27,0.00904977375565611,1.7894736842105263
REMSONSIND,4936,2006-10-06,0.2706645056726094,19.983805668016196
NEXTMEDIA,4934,2006-10-06,0.026550466153222537,19.975708502024293
AUROPHARMA,4936,2006-10-06,0.002228525121555916,19.983805668016196
AMDIND,4824,2007-03-19,0.013266998341625208,19.530364372469634
DCW,4935,2006-10-06,0.0022289766970618034,19.979757085020243
OSWALSEEDS,2040,2018-07-04,0.25049019607843137,8.259109311740891
KAYNES,962,2022-11-22,0.008316008316008316,3.8947368421052633
UNITDSPR,4936,2006-10-06,0.0030388978930307943,19.983805668016196
BANG,4592,2008-02-20,0.056402439024390245,18.591093117408906
LATENTVIEW,1210,2021-11-23,0.006611570247933884,4.898785425101215
SHREECEM,4936,2006-10-06,0.002228525121555916,19.983805668016196
TRANSRAILL,445,2024-12-27,0.015730337078651686,1.8016194331983806
MVELECTRO,44,2026-08-06,0.045454545454545456,0.17813765182186234
GALAXYSURF,2137,2018-02-08,0.0014038371548900327,8.651821862348179
SBILIFE,2230,2017-10-03,0.0026905829596412557,9.02834008097166
EMSLIMITED,755,2023-09-21,0.010596026490066225,3.0566801619433197
ASAL,4935,2006-10-06,0.04235055724417427,19.979757085020243
M&MFIN,4937,2006-10-06,0.0026331780433461616,19.987854251012145
DBSTOCKBRO,3600,2012-02-29,0.10861111111111112,14.574898785425102
GOKUL,4522,2008-06-04,0.0030959752321981426,18.307692307692307
ATHERENERG,359,2025-05-06,0.016713091922005572,1.4534412955465588
PLASTIBLEN,4880,2006-12-28,0.03790983606557377,19.757085020242915
JKIL,4600,2008-02-12,0.003260869565217391,18.62348178137652
ADANIGREEN,2055,2018-06-18,0.0034063260340632603,8.319838056680162
JSWINFRA,748,2023-10-03,0.0106951871657754,3.02834008097166
AASTHA,67,2026-07-06,0.029850746268656716,0.27125506072874495
VASCONEQ,4113,2010-02-15,0.004133236080719669,16.65182186234818
BMWVENTLTD,253,2025-10-01,0.019762845849802372,1.0242914979757085
TEMBO,2003,2018-08-29,0.2071892161757364,8.109311740890687
CRSL,33,2026-08-19,0.030303030303030304,0.13360323886639677
ZYDUSWELL,4175,2009-11-13,0.0019161676646706587,16.902834008097166
UNIVPHOTO,1645,2020-02-14,0.0024316109422492403,6.659919028340081
SMLMAH,4936,2006-10-06,0.014586709886547812,19.983805668016196
LAXMIDENTL,428,2025-01-20,0.014018691588785047,1.7327935222672064
WEBELSOLAR,4791,2007-05-15,0.028595282821957838,19.39676113360324
ESDS,23,2026-09-04,0.08695652173913043,0.0931174089068826
SWASTIKAIN,4,2026-09-30,0.0,0.016194331983805668
JSIPL,10,2026-09-23,0.1,0.04048582995951417
NEUEON,4438,2008-10-13,0.3458765209553853,17.967611336032387
FLUOROCHEM,1732,2019-10-16,0.0040415704387990765,7.012145748987854
DODLA,1305,2021-06-28,0.0030651340996168583,5.283400809716599
APLAPOLLO,3657,2011-12-14,0.0027344818156959257,14.805668016194332
KIRLOSIND,4935,2006-10-06,0.016818642350557245,19.979757085020243
STYL,255,2025-09-30,0.0196078431372549,1.0323886639676114
SEKURITIND,35,2026-08-18,0.02857142857142857,0.1417004048582996
DHUNINV,3835,2011-03-18,0.08161668839634942,15.526315789473685
KDDL,2592,2016-04-12,0.0015432098765432098,10.493927125506072
DIVISLAB,4936,2006-10-06,0.002228525121555916,19.983805668016196
HAZOOR,33,2026-08-21,0.06060606060606061,0.13360323886639677
OSWALAGRO,1993,2018-09-14,0.0030105368790767687,8.068825910931174
TARMAT,4750,2007-07-09,0.03894736842105263,19.23076923076923
RITES,2044,2018-07-03,0.003424657534246575,8.275303643724696
SPLPETRO,4937,2006-10-06,0.009114847073121329,19.987854251012145
LEMONTREE,2104,2018-04-09,0.003326996197718631,8.518218623481781
ASTAR,34,2026-08-18,0.11764705882352941,0.13765182186234817
NLCINDIA,4937,2006-10-06,0.0024306258861656878,19.987854251012145
NGLFINE,1052,2022-07-08,0.005703422053231939,4.2591093117408905
SHREEJISPG,279,2025-08-26,0.017921146953405017,1.1295546558704452
NAVA,4936,2006-10-06,0.002633711507293355,19.983805668016196
CRESTO,2151,2018-01-18,0.1413296141329614,8.708502024291498
BONLON,154,2026-02-23,0.01948051948051948,0.6234817813765182
BAJAJHIND,4937,2006-10-06,0.0024306258861656878,19.987854251012145
UYFINCORP,498,2024-10-03,0.006024096385542169,2.016194331983806
ZODIACLOTH,4933,2006-10-06,0.015406446381512263,19.97165991902834
NDGL,2495,2016-08-30,0.01603206412825651,10.101214574898785
TRANSWORLD,4934,2006-10-06,0.010944466963923795,19.975708502024293
KRITI,3676,2011-11-11,0.5473340587595212,14.882591093117409
URAVIDEF,2095,2018-04-13,0.4300715990453461,8.481781376518219
CCHHL,2882,2015-02-03,0.06974323386537128,11.668016194331983
CANHLIFE,242,2025-10-17,0.02066115702479339,0.979757085020243
MMFL,4884,2006-12-20,0.005733005733005733,19.77327935222672
WEWORK,246,2025-10-10,0.012195121951219513,0.9959514170040485
SICAGEN,3771,2006-10-06,0.006099177936886768,15.267206477732794
COMFINTE,33,2026-08-18,0.0,0.13360323886639677
HIMATSEIDE,4935,2006-10-06,0.0024316109422492403,19.979757085020243
GRWRHITECH,1157,2022-02-03,0.006050129645635264,4.684210526315789
BCG,2823,2015-05-08,0.08891250442791357,11.429149797570851
SYMBIOTEC,26,2026-09-01,0.07692307692307693,0.10526315789473684
DOLPHIN,4934,2006-10-06,0.18848804215646534,19.975708502024293
SBFC,778,2023-08-16,0.008997429305912597,3.1497975708502026
21STCENMGM,2157,2018-01-11,0.01808066759388039,8.732793522267206
SOLARA,2048,2018-06-27,0.00341796875,8.291497975708502
BHARATRAS,4934,2006-10-06,0.0697203080664775,19.975708502024293
ANGELONE,1491,2020-10-05,0.0053655264922870555,6.036437246963563
SWARAJ,1110,2022-04-11,0.05855855855855856,4.493927125506073
BESTAGRO,1394,2021-02-22,0.17073170731707318,5.6437246963562755
MOREPENLAB,4936,2006-10-06,0.02572933549432739,19.983805668016196
ARVINDFASN,1874,2019-03-08,0.0026680896478121665,7.587044534412955
HTMEDIA,4932,2006-10-06,0.0016220600162206002,19.967611336032387
INDOFARM,436,2025-01-07,0.011467889908256881,1.7651821862348178
UFBL,1361,2021-04-07,0.0029390154298310064,5.510121457489879
RUDRA,199,2025-12-19,0.020100502512562814,0.805668016194332
THACKER,33,2026-08-18,0.12121212121212122,0.13360323886639677
MONARCH,1176,2022-01-06,0.00510204081632653,4.761133603238866
FREDUN,33,2026-08-18,0.0,0.13360323886639677
BAJAJHLDNG,4935,2006-10-06,0.0024316109422492403,19.979757085020243
ASIANENE,1198,2021-12-09,0.018363939899833055,4.850202429149798
DOLATALGO,1766,2019-08-19,0.0022650056625141564,7.149797570850202
SBIN,4937,2006-10-06,0.0024306258861656878,19.987854251012145
DCMSRIND,1185,2021-12-24,0.00590717299578059,4.797570850202429
UBL,4488,2008-07-28,0.005793226381461676,18.170040485829958
PRUDENT,1086,2022-05-20,0.0055248618784530384,4.396761133603239
ARVIND,4935,2006-10-06,0.0022289766970618034,19.979757085020243
JARO,253,2025-09-30,0.011857707509881422,1.0242914979757085
MCLEODRUSS,4934,2006-10-06,0.0018240778273206323,19.975708502024293
KNAGRI,1109,2022-04-11,0.008115419296663661,4.489878542510121
STLSTRINF,34,2026-08-18,0.029411764705882353,0.13765182186234817
SPAL,2509,2016-08-12,0.0019928258270227183,10.157894736842104
LTFOODS,4886,2006-12-19,0.0057306590257879654,19.781376518218625
HECPROJECT,2358,2017-03-21,0.4474130619168787,9.54655870445344
JINDALPHOT,4934,2006-10-06,0.0024321037697608433,19.975708502024293
BLIL,33,2026-08-18,0.0,0.13360323886639677
SHAHINVEST,1,2026-10-06,0.0,0.004048582995951417
SAURASHCEM,648,2024-02-27,0.009259259259259259,2.623481781376518
TECILCHEM,857,2023-04-20,0.07584597432905485,3.4696356275303644
BRNL,2237,2017-09-18,0.002682163611980331,9.05668016194332
ADDIND,33,2026-08-18,0.0,0.13360323886639677
INDUSINDBK,4937,2006-10-06,0.0024306258861656878,19.987854251012145
CORALFINAC,2354,2017-03-29,0.002548853016142736,9.530364372469636
SWARAJENG,4934,2006-10-06,0.00263477908390758,19.975708502024293
PARKHOSPS,202,2025-12-17,0.024752475247524754,0.8178137651821862
MAHABANK,4937,2006-10-06,0.0024306258861656878,19.987854251012145
EXXARO,1272,2021-08-16,0.003930817610062893,5.149797570850202
AMNPLST,718,2023-11-10,0.008356545961002786,2.9068825910931175
PRADPME,34,2026-08-18,0.0,0.13765182186234817
GRMOVER,1011,2022-09-07,0.006923837784371909,4.093117408906883
FINPIPE,4935,2006-10-06,0.0022289766970618034,19.979757085020243
CENTEXT-RE,1,2026-10-06,0.0,0.004048582995951417
SAFARI,1751,2019-09-12,0.002284408909194746,7.089068825910931
ARVEE,2127,2018-02-22,0.32910202162670427,8.611336032388664
CESC,4937,2006-10-06,0.0024306258861656878,19.987854251012145
INSPIRISYS,4919,2006-10-30,0.042285017279934944,19.91497975708502
DCXINDIA,967,2022-11-11,0.007238883143743537,3.91497975708502
SIEMENS,4936,2006-10-06,0.002228525121555916,19.983805668016196
JIOFIN,777,2023-08-21,0.010296010296010296,3.145748987854251
MEESHO,208,2025-12-10,0.028846153846153848,0.8421052631578947
DEEP,33,2026-08-18,0.0,0.13360323886639677
SUBEXLTD,4936,2006-10-06,0.004659643435980551,19.983805668016196
MODINATUR,203,2025-12-11,0.009852216748768473,0.8218623481781376
BAJAJFINSV,4937,2006-10-06,0.0030382823577071094,19.987854251012145
TCPLPACK,2218,2017-10-17,0.0018034265103697023,8.979757085020243
DOLLEX,931,2022-12-28,0.09881847475832438,3.769230769230769
SAKSOFT,4936,2006-10-06,0.04153160453808752,19.983805668016196
RPEL,539,2024-08-08,0.00927643784786642,2.182186234817814
ARMEE,5,2026-09-30,0.2,0.020242914979757085
HTEL,24,2026-09-01,0.041666666666666664,0.09716599190283401
DIGISPICE,4530,2008-05-27,0.002869757174392936,18.34008097165992
RATNAMANI,4935,2006-10-06,0.0028368794326241137,19.979757085020243
NAHARSPING,4934,2006-10-06,0.013781921361978111,19.975708502024293
ACEINTEG,2279,2017-07-13,0.44624835454146555,9.226720647773279
RUNWALENTR,2,2026-10-05,0.0,0.008097165991902834
NILAINFRA,2815,2015-05-21,0.0021314387211367673,11.396761133603238
YOGI,34,2026-08-18,0.0,0.13765182186234817
CREDITACC,2007,2018-08-23,0.0029895366218236174,8.125506072874494
BAJFINANCE,4937,2006-10-06,0.0026331780433461616,19.987854251012145
OSIAHYPER,1846,2019-04-23,0.2323943661971831,7.473684210526316
BSOFT,4936,2006-10-06,0.002228525121555916,19.983805668016196
MADHAV,4633,2007-12-20,0.037124973019641704,18.757085020242915
SCHNEIDER,3593,2012-03-20,0.0025048705816866127,14.54655870445344
GRANDOAK,34,2026-08-18,0.029411764705882353,0.13765182186234817
PRASOLCHEM,15,2026-09-16,0.06666666666666667,0.06072874493927125
AMAGI,177,2026-01-21,0.022598870056497175,0.7165991902834008
SIMBHALS,4933,2006-10-06,0.03588080275694304,19.97165991902834
WHIRLPOOL,4937,2006-10-06,0.16386469515900345,19.987854251012145
HBLENGINE,4877,2007-01-04,0.01025220422390814,19.74493927125506
POEL,35,2026-08-18,0.02857142857142857,0.1417004048582996
LFIC,4018,2010-06-30,0.24315579890492783,16.267206477732792
MPIMANIPAL,14,2026-09-17,0.07142857142857142,0.05668016194331984
MAHASTEEL,2536,2016-07-01,0.0007886435331230284,10.267206477732794
NILE,36,2026-08-18,0.05555555555555555,0.145748987854251
IGCL,313,2025-07-03,0.009584664536741214,1.2672064777327936
BORANA,340,2025-05-27,0.008823529411764706,1.3765182186234817
RIIL,4935,2006-10-06,0.002026342451874367,19.979757085020243
RUCHINFRA,4934,2006-10-06,0.014389947304418322,19.975708502024293
EDELWEISS,4643,2007-12-12,0.0025845358604350637,18.79757085020243
SANSERA,1249,2021-09-24,0.006405124099279423,5.05668016194332
SUMEETINDS,3905,2010-12-10,0.09065300896286811,15.809716599190283
RPPL,1975,2018-10-09,0.1559493670886076,7.995951417004049
OLECTRA,4937,2006-10-06,0.004051043143609479,19.987854251012145
EUROBOND,1171,2022-01-07,0.05123825789923143,4.7408906882591095
M&M,4937,2006-10-06,0.0026331780433461616,19.987854251012145
LADDERUP,35,2026-08-18,0.02857142857142857,0.1417004048582996
ELECTCAST,4937,2006-10-06,0.0024306258861656878,19.987854251012145
RRIL,34,2026-08-18,0.0,0.13765182186234817
VETO,2830,2015-04-29,0.0024734982332155478,11.45748987854251
KHADIM,2200,2017-11-14,0.0022727272727272726,8.906882591093117
SVLL,2051,2018-06-18,0.3120429058995612,8.303643724696355
PANAMAPET,3704,2011-09-30,0.028077753779697623,14.995951417004049
PERSISTENT,4081,2010-04-06,0.0022053418279833373,16.522267206477732
WAAREERTL,373,2025-04-09,0.013404825737265416,1.5101214574898785
AJMERA,4936,2006-10-06,0.01478930307941653,19.983805668016196
SUPERSPIN,4934,2006-10-06,0.012768544791244426,19.975708502024293
UCOBANK,4936,2006-10-06,0.002228525121555916,19.983805668016196
VHL,4935,2006-10-06,0.08085106382978724,19.979757085020243
KANCOTEA,35,2026-08-18,0.05714285714285714,0.1417004048582996
BLUESTARCO,4937,2006-10-06,0.0024306258861656878,19.987854251012145
CHOLAHLDNG,4935,2006-10-06,0.006686930091185411,19.979757085020243
KAYA,2752,2015-08-14,0.0014534883720930232,11.1417004048583
VOITHPAPR,34,2026-08-18,0.0,0.13765182186234817
UPHOT,33,2026-08-18,0.24242424242424243,0.13360323886639677
KANSAINER,4934,2006-10-06,0.00263477908390758,19.975708502024293
SAATVIKGL,257,2025-09-26,0.019455252918287938,1.040485829959514
TREEHOUSE,3726,2011-08-26,0.001610305958132045,15.085020242914979
UMIYA-MRO,4933,2006-10-06,0.2698155280762214,19.97165991902834
VERANDA,1113,2022-04-11,0.006289308176100629,4.506072874493927
IKS,447,2024-12-19,0.011185682326621925,1.8097165991902835
BEML,4935,2006-10-06,0.0022289766970618034,19.979757085020243
KPL,35,2026-08-18,0.02857142857142857,0.1417004048582996
MUTHOOTFIN,3808,2011-05-06,0.0023634453781512603,15.417004048582996
PRAVEG,36,2026-08-18,0.05555555555555555,0.145748987854251
VISACHROME,4935,2006-10-06,0.05612968591691996,19.979757085020243
CEMPRO,4935,2006-10-06,0.007902735562310031,19.979757085020243
POLYMED,3663,2011-12-07,0.00273000273000273,14.82995951417004
REDINGTON,4849,2007-02-15,0.004330789853578057,19.63157894736842
AWHCL,1427,2021-01-01,0.004905395935529082,5.777327935222672
IEX,2218,2017-10-23,0.0031559963931469793,8.979757085020243
BCONCEPTS,2153,2018-01-12,0.22805387830933582,8.7165991902834
LGEINDIA,247,2025-10-14,0.024291497975708502,1.0
VIYASH,2616,2016-03-10,0.002675840978593272,10.591093117408906
SHRENIK,2279,2017-07-18,0.0017551557700745941,9.226720647773279
SCILAL,633,2024-03-19,0.009478672985781991,2.562753036437247
XTRANET,48,2026-07-30,0.020833333333333332,0.19433198380566802
BLUESTONE,282,2025-08-19,0.014184397163120567,1.1417004048582995
CENTRALBK,4722,2007-08-21,0.0025412960609911056,19.11740890688259
TANLA,4876,2007-01-05,0.002255947497949139,19.74089068825911
BOSCH-HCIL,4935,2006-10-06,0.00547112462006079,19.979757085020243
BHANDARI,2395,2017-01-30,0.0020876826722338203,9.696356275303645
RICOAUTO,4936,2006-10-06,0.0024311183144246355,19.983805668016196
QUESS,2533,2016-07-12,0.002368732727990525,10.255060728744938
ARIS,321,2025-06-25,0.01557632398753894,1.2995951417004048
SGLRES,35,2026-08-18,0.02857142857142857,0.1417004048582996
MANGALAM,4935,2006-10-06,0.0425531914893617,19.979757085020243
BLUEJET,726,2023-11-01,0.009641873278236915,2.9392712550607287
RVHL,1434,2020-12-18,0.002789400278940028,5.805668016194332
OLAELEC,540,2024-08-09,0.012962962962962963,2.1862348178137654
LMW,4933,2006-10-06,0.0016217311980539226,19.97165991902834
MODTHREAD,653,2024-02-16,0.033690658499234305,2.6437246963562755
UGARSUGAR,3982,2010-08-23,0.0032646911099949772,16.12145748987854
PPL,1811,2019-06-17,0.0027609055770292656,7.331983805668016
PRSMJOHNSN,4934,2006-10-06,0.0022294284556141062,19.975708502024293
EKI,33,2026-08-18,0.0,0.13360323886639677
LOVABLE,3834,2011-03-24,0.0020865936358894104,15.522267206477732
EUROPRATIK,258,2025-09-23,0.015503875968992248,1.0445344129554657
